geoid,displayName,totalWorkers,moe_totalWorkers,meanEarnings,DriveAlone,moe_DriveAlone,Carpool,moe_Carpool,Walked,moe_Walked,Bike,moe_Bike,OtherMeans,moe_OtherMeans,Transit,moe_Transit,WorkAtHome,moe_WorkAtHome,pct_45-to-60MinCommute,moe_pct_45-to-60MinCommute,pct_over60MinCommute,moe_pct_over60MinCommute,pct_over45MinCommute,meanTravelTime,moe_meanTravelTime
2300102060,"Auburn, Androscoggin County",11226,432,50745,78.9,2.9,10.5,2.1,4.8,1.4,0,0.2,1.7,1,0.2,0.2,3.9,1.1,10.5,2.3,3.7,1,14.2,20.9,1.1
2300119105,"Durham, Androscoggin County",2349,124,57623,81.3,5,8,4,0.9,0.9,0,1,0.5,0.7,0,1,9.2,3.4,12,4.2,5.5,3.5,17.5,30.4,2.9
2300129255,"Greene, Androscoggin County",2291,171,51532,84.3,5.1,9.7,3.5,0.3,0.5,0,1,0.3,0.6,0,1,5.3,3.8,7.4,5.4,6.4,3.7,13.8,28.2,3.8
2300138565,"Leeds, Androscoggin County",1081,130,46868,84,6.4,8.8,5.6,1.8,1.5,0,2.1,0.6,0.9,0,2.1,4.8,2.7,17.8,6.5,4.2,3.1,22,31,3.4
2300138740,"Lewiston, Androscoggin County",16792,719,46809,73,2.8,12.6,2.2,7.6,1.6,0.8,0.6,2.1,0.8,0.3,0.2,3.7,1.2,9.6,2.1,4.3,1.4,13.9,20.4,1.4
2300140035,"Lisbon, Androscoggin County",4397,258,45648,85.7,3.5,10,3.4,1,0.7,0,0.5,0.5,0.5,0.6,0.9,2.2,1.2,9.6,2.3,5.3,2.5,14.9,26.1,1.6
2300140665,"Livermore, Androscoggin County",952,96,50934,85.2,5.8,9.5,4.7,0.4,0.6,0,2.3,2.4,2.5,0,2.3,2.5,2,16.1,6,16.6,5.3,32.7,36.3,5
2300140770,"Livermore Falls, Androscoggin County",1176,167,35754,78.1,7.6,12.9,7,4.3,3.7,0,1.9,0.7,1.2,0,1.9,3.9,3.5,18.3,8.9,8.3,4.6,26.6,29.6,5.5
2300144585,"Mechanic Falls, Androscoggin County",1428,180,47811,81.2,8.3,8.8,6.4,5.8,5.1,0,1.6,0.4,0.6,1.1,1.6,2.8,4.2,10,7.4,10,7,20,26.5,5.4
2300146160,"Minot, Androscoggin County",1266,108,64440,81,4.7,7.8,3.8,0.9,1.2,0,1.8,1,1.2,0,1.8,9.2,3.8,8.2,3.5,6.5,2.5,14.7,24.6,1.9
2300160020,"Poland, Androscoggin County",2895,244,45860,80.1,7.4,12.7,6.6,0.5,0.6,0,0.8,0.6,0.9,0,0.8,6,3.3,13.8,5.9,7.8,3.7,21.6,29.8,3.9
2300164570,"Sabattus, Androscoggin County",2417,247,46987,74.6,9.1,16.7,8.5,0,0.9,0,0.9,2.1,3.1,0,0.9,6.6,4.3,13,6.7,9.1,6.9,22.1,29.2,4.3
2300177800,"Turner, Androscoggin County",3033,212,53888,90.7,3.9,6.8,3.8,0.7,1.1,0.6,1,0.4,0.6,0,0.7,0.8,1,4.5,2.3,10.5,4,15,27.1,2.6
2300179585,"Wales, Androscoggin County",780,122,53146,82.1,5.9,16,5.7,0.8,1.1,0,2.8,0,2.8,0,2.8,1.2,1.1,13,4.4,5.7,2.4,18.7,28.4,2.7
2300300800,"Allagash, Aroostook County",73,23,43977,74,11.5,9.6,7.3,0,26,0,26,0,26,0,26,16.4,11,29.5,9.5,16.4,10.3,45.9,38.6,12.7
2300301220,"Amity, Aroostook County",51,23,N,76.5,22,7.8,13.9,0,33.9,0,33.9,0,33.9,0,33.9,15.7,18.6,0,37.6,4.7,8,4.7,24.3,8.3
2300301710,"Ashland, Aroostook County",528,124,38187,81.1,6.4,4.7,3,5.7,4.9,0,4.2,1.9,2,0,4.2,6.6,4.6,4.9,4.5,6.9,4.3,11.8,23,6
2300305385,"Blaine, Aroostook County",303,75,41935,79.5,8.7,13.5,8.2,3.6,3.9,0,7.2,0,7.2,0,7.2,3.3,4,1,2,0.7,1.6,1.7,16,3.3
2300307065,"Bridgewater, Aroostook County",217,48,44893,79.7,8.4,8.3,5.3,7.4,7.6,0,9.8,1.4,1.7,0,9.8,3.2,2.9,1.4,1.9,3.8,3.4,5.2,24.8,4.9
2300310565,"Caribou, Aroostook County",3509,276,53232,83.3,4.6,8.2,3.2,2.7,2.2,0.4,0.6,1.3,1.3,0,0.6,4,2.1,3.1,1.8,3.9,1.8,7,17.5,2.5
2300311020,"Cary plantation, Aroostook County",60,27,45886,75,17.8,25,17.8,0,30.3,0,30.3,0,30.3,0,30.3,0,30.3,0,30.3,23.3,17,23.3,33.9,10.5
2300311300,"Castle Hill, Aroostook County",136,35,42887,80.9,8.6,12.5,6.7,0,15.2,0,15.2,0,15.2,0,15.2,6.6,6.5,3.9,3.4,6.3,6,10.2,23.8,4.9
2300311335,"Caswell, Aroostook County",80,22,37639,71.3,12.5,20,12.3,2.5,3.2,0,24.2,0,24.2,0,24.2,6.3,9,6.7,6.7,0,25.5,6.7,21.4,4.8
2300312000,"Chapman, Aroostook County",272,63,47167,83.5,6.9,14,6.5,0.4,0.9,0,7.9,1.1,1.5,0,7.9,1.1,1.2,2.6,2.9,1.1,1.4,3.7,18.7,2.5
2300315395,"Crystal, Aroostook County",103,43,36853,63.1,13.4,18.4,8.8,1.9,2.5,0,19.5,7.8,11.1,0,19.5,8.7,9.4,12.8,12.9,6.4,7.5,19.2,30,11.1
2300315990,"Cyr plantation, Aroostook County",44,30,51545,93.2,8.1,6.8,8.1,0,37.1,0,37.1,0,37.1,0,37.1,0,37.1,0,37.1,9.1,10.9,9.1,22,4.7
2300319210,"Dyer Brook, Aroostook County",128,29,42853,71.1,11.6,20.3,10.7,0.8,2.6,0,16.1,0,16.1,2.3,3.5,5.5,4.3,7.4,7.2,10.7,7.2,18.1,25.3,6.8
2300319420,"Eagle Lake, Aroostook County",220,58,53348,70,14.3,8.6,6.3,11.4,12.5,1.8,2,0.9,1.5,0,9.7,7.3,4.7,2.5,1.8,5.9,4,8.4,19.2,4.7
2300321380,"Easton, Aroostook County",582,119,45279,84.4,5.6,8.9,4.9,0.3,0.9,0,3.8,1.5,1.6,0,3.8,4.8,2.5,2.3,2.9,2.2,1.6,4.5,17.7,2.1
2300325615,"Fort Fairfield, Aroostook County",1470,207,52353,88.5,5.7,4.8,3.3,3.3,2.9,0,1.5,0,1.5,0,1.5,3.4,3.7,2.2,3.4,0.9,1.4,3.1,16.6,1.8
2300325755,"Fort Kent, Aroostook County",2043,133,50667,77.7,5.3,8.4,3.3,5.7,2.9,1.9,1.9,1.3,1.2,0,1.1,4.9,3.3,3.2,2.5,4.5,2.5,7.7,15.7,2.7
2300326735,"Frenchville, Aroostook County",373,61,49293,79.9,7.5,11.5,5.8,6.2,4.6,0,5.9,0,5.9,0,5.9,2.4,1.9,0,6,1.6,2,1.6,15.6,2.1
2300327120,"Garfield plantation, Aroostook County",48,21,53657,97.9,4.8,0,35.3,2.1,4.8,0,35.3,0,35.3,0,35.3,0,35.3,12.5,12.1,8.3,11.3,20.8,30.7,16.1
2300328590,"Grand Isle, Aroostook County",156,43,52173,91,6.5,1.9,3.6,3.2,5.1,0,13.4,1.3,2,0,13.4,2.6,2.6,4.6,4.9,7.9,8.4,12.5,24.9,9.3
2300330690,"Hamlin, Aroostook County",68,23,65007,98.5,3.2,1.5,3.2,0,27.5,0,27.5,0,27.5,0,27.5,0,27.5,2.9,4.2,2.9,3.8,5.8,19.8,8
2300330725,"Hammond, Aroostook County",42,31,N,88.1,16.1,11.9,16.1,0,38.1,0,38.1,0,38.1,0,38.1,0,38.1,0,38.1,0,38.1,0,14.8,3.8
2300332195,"Haynesville, Aroostook County",15,11,N,46.7,30.9,46.7,30.8,6.7,18.2,0,63.7,0,63.7,0,63.7,0,63.7,0,63.7,6.7,23.9,6.7,32,6.8
2300332685,"Hersey, Aroostook County",25,15,N,80,21.2,8,11.9,0,49.4,0,49.4,0,49.4,0,49.4,12,13.5,0,52.6,9.1,12.2,9.1,26.8,9.4
2300333385,"Hodgdon, Aroostook County",687,100,47750,80.6,4,13.7,4,1.7,2,0,3.2,1.5,1.9,0,3.2,2.5,1.8,0.4,0.6,4,2.4,4.4,15.8,2.6
2300333980,"Houlton, Aroostook County",2747,246,43253,76.1,4.5,13.1,3.8,6.7,2.5,0.1,0.1,1.4,1.3,0,0.8,2.7,1.6,2.7,1.8,4,2,6.7,13.4,1.5
2300335065,"Island Falls, Aroostook County",270,50,57633,75.9,7.3,16.7,6.9,3,3.9,0,8,0,8,0,8,4.4,3,5.8,5.6,5,3.2,10.8,21.7,2.9
2300339300,"Limestone, Aroostook County",680,97,38345,75.3,8,7.2,5.4,11,5,0,3.3,0,3.3,0,3.3,6.5,3.1,0.6,1,1.4,1.6,2,14.2,2.7
2300339965,"Linneus, Aroostook County",296,60,48408,85.1,4.9,11.1,4.7,1,1.3,0,7.3,0,7.3,0,7.3,2.7,2.6,1.4,1.5,7.3,5.4,8.7,20.7,5.2
2300340595,"Littleton, Aroostook County",430,92,44529,75.3,7.6,15.6,6.7,0.7,1.2,1.2,1.4,2.3,2.8,0,5.1,4.9,3.5,3.4,2.5,6.1,4.5,9.5,21.7,3.6
2300341715,"Ludlow, Aroostook County",247,54,53415,81,11.4,14.6,11.4,0,8.7,0,8.7,1.2,1.4,0,8.7,3.2,2.4,0,9,6.3,3.9,6.3,19.9,4.7
2300342520,"Madawaska, Aroostook County",1632,247,43378,76,9.8,10,7.1,9.3,6,0,1.4,0,1.4,0,1.4,4.8,4,5.7,7.1,1.1,1.5,6.8,13.9,3.9
2300343255,"Mapleton, Aroostook County",1029,90,51569,84.1,4.5,9.5,3.9,1.7,1.6,0,2.2,1.6,2.3,0,2.2,3.1,1.6,3.3,3.1,1.1,1.1,4.4,16.6,1.9
2300343710,"Mars Hill, Aroostook County",623,98,48548,86.7,6.2,7.2,4.8,1.6,1.5,0,3.5,0,3.5,0,3.5,4.5,4,2.5,2.6,1.5,1.3,4,18.8,2.6
2300343990,"Masardis, Aroostook County",111,28,37472,88.3,10.7,1.8,4.4,6.3,9.1,0,18.2,0,18.2,0,18.2,3.6,4,3.7,4.7,6.5,6.1,10.2,20.7,4.5
2300345180,"Merrill, Aroostook County",103,36,41699,76.7,13.3,19.4,13,0,19.5,0,19.5,0,19.5,0,19.5,3.9,4.7,7.1,7.7,8.1,5.9,15.2,31.7,10.9
2300346685,"Monticello, Aroostook County",312,59,40114,78.2,7.2,15.1,6.5,0,7,0,7,2.6,2.7,0,7,4.2,3.3,8,4.8,2.7,2.5,10.7,21.2,2
2300348120,"Nashville plantation, Aroostook County",17,11,N,100,59.8,0,59.8,0,59.8,0,59.8,0,59.8,0,59.8,0,59.8,11.8,16,0,59.8,11.8,20.9,7.7
2300348575,"New Canada, Aroostook County",171,39,49075,87.1,8.6,7.6,6.9,1.2,1.5,0,12.3,0,12.3,0,12.3,4.1,3.1,9.8,6.9,11,4.9,20.8,28,5.5
2300348960,"New Limerick, Aroostook County",255,65,47556,88.2,7.7,4.7,5,0,8.4,0,8.4,0.8,1.5,0,8.4,6.3,6.3,0,9,1.3,1.5,1.3,14.3,2.1
2300349415,"New Sweden, Aroostook County",261,45,39737,80.8,8.2,6.1,4.9,5.7,5.9,0,8.3,0,8.3,0,8.3,7.3,3.9,11.2,10.1,5.4,4.7,16.6,27.8,8.1
2300354385,"Oakfield, Aroostook County",267,73,36569,70.4,11.6,19.5,11.6,3.7,3.9,0,8.1,3.4,4.2,0,8.1,3,3.5,6.6,5.5,8.1,5.6,14.7,24,5.1
2300355435,"Orient, Aroostook County",60,26,N,58.3,26.4,23.3,18.3,11.7,12.2,0,30.3,0,30.3,0,30.3,6.7,10.3,7.1,10.9,3.6,5.5,10.7,25.4,6.8
2300358060,"Perham, Aroostook County",190,41,39439,79.5,10.1,14.7,9.3,2.6,2.1,0,11.2,0,11.2,0,11.2,3.2,2.8,4.3,7.9,1.1,1.2,5.4,23.4,2.6
2300360300,"Portage Lake, Aroostook County",108,28,46341,86.1,9.8,1.9,2.7,1.9,3.3,0,18.7,0,18.7,0,18.7,10.2,8.6,9.3,6.2,21.6,8.1,30.9,30.4,4.8
2300360825,"Presque Isle, Aroostook County",4304,341,48135,79.7,4.4,7.8,2.5,6,2.6,0,0.5,2,1.5,0,0.5,4.5,1.9,1.7,1.2,1.4,1.2,3.1,12.2,1.3
2300362400,"Reed plantation, Aroostook County",58,24,34181,82.8,13.5,13.8,12.5,0,31,0,31,3.4,4.7,0,31,0,31,22.4,13.9,20.7,15.7,43.1,38.4,8.7
2300364780,"St. Agatha, Aroostook County",273,55,75621,91.2,4.5,0.7,1,0.7,1.2,0,7.9,0,7.9,0,7.9,7.3,4.4,2.8,2.5,7.9,6.9,10.7,21.2,3.5
2300365025,"St. Francis, Aroostook County",90,23,44120,85.6,8.5,10,6.7,2.2,2.9,0,21.9,0,21.9,0,21.9,2.2,4.2,3.4,3.7,21.6,13.3,25,30.8,6.1
2300365200,"St. John plantation, Aroostook County",113,26,39620,77.9,8.5,15.9,7.6,0,18,0,18,1.8,2.1,0,18,4.4,4.2,1.9,2.2,15.7,8.7,17.6,27.7,7.8
2300367790,"Sherman, Aroostook County",370,54,44807,76.5,6.5,9.7,4.5,1.9,1.5,0,5.9,0.3,0.7,0,5.9,11.6,4.2,10.4,4.8,8.3,3.6,18.7,25.7,4.6
2300369260,"Smyrna, Aroostook County",194,58,48218,41.8,14.5,15.5,9.7,4.6,3.4,23.2,14.5,2.6,3.6,0,10.9,12.4,7.2,0.6,1.7,8.8,6.3,9.4,18.5,6.2
2300374405,"Stockholm, Aroostook County",114,36,50476,76.3,10.7,21.1,9.5,1.8,2.9,0,17.8,0,17.8,0,17.8,0.9,2.7,5.3,3.9,2.7,2.9,8,26.2,3.1
2300378570,"Van Buren, Aroostook County",629,102,44527,73.4,8,15.7,7.8,7.2,4.4,0,3.5,1.1,1.6,0,3.5,2.5,2.5,6.4,5.2,3.9,4,10.3,16.5,3
2300379270,"Wade, Aroostook County",166,48,43967,94.6,4.9,3.6,3.2,0,12.7,0,12.7,0,12.7,1.8,2.3,0,12.7,6.6,5.8,3.6,4,10.2,25.7,3.8
2300379865,"Wallagrass, Aroostook County",219,46,36237,79.9,8,11.9,6.6,1.4,1.6,0,9.8,1.8,2,0.9,1.2,4.1,3.3,4.3,3.2,6.2,3.3,10.5,20.4,3.4
2300380285,"Washburn, Aroostook County",732,97,42144,82.8,5.2,13,4.7,0.8,1.1,0,3,0.5,0.8,0.7,0.9,2.2,1.5,2.5,1.7,2.2,2,4.7,21.6,1.7
2300382770,"Westfield, Aroostook County",187,46,39343,66.3,15.4,25.1,12.4,0,11.3,0,11.3,6.4,7.6,0,11.3,2.1,2.4,4.9,4,2.2,3.1,7.1,20.6,2.7
2300383540,"Westmanland, Aroostook County",31,22,N,80.6,27.6,16.1,25.2,3.2,7.7,0,44.3,0,44.3,0,44.3,0,44.3,3.2,6.9,3.2,7.9,6.4,24,10.5
2300386865,"Winterville plantation, Aroostook County",40,13,54776,65,26.3,20,21.1,5,6.7,0,39,0,39,0,39,10,10.2,0,41.1,8.3,8.5,8.3,27.5,13.8
2300387215,"Woodland, Aroostook County",462,70,39944,89.2,4.4,6.3,3,0,4.7,0,4.7,0.9,1.1,0,4.7,3.7,3.3,3.4,3.1,4.5,3.6,7.9,21,1.9
2300502655,"Baldwin, Cumberland County",730,100,46720,80.7,4.4,13.8,3.8,0.7,0.9,0,3,0.4,0.7,0.5,0.8,3.8,2.9,24.4,4.7,15.2,5.5,39.6,36.8,3.3
2300507170,"Bridgton, Cumberland County",2285,329,44248,83.4,8.6,8.7,6.8,4.6,4.7,0,1,0,1,0,1,3.3,3.8,14.7,8.4,10.3,5.5,25,24.6,3.9
2300508430,"Brunswick, Cumberland County",10187,459,60967,74.6,3.2,6.5,2,10,2.2,0.9,0.8,1.4,1.2,0.1,0.2,6.5,1.5,5.6,1.3,3.8,1.4,9.4,19.9,1.4
2300510180,"Cape Elizabeth, Cumberland County",4872,235,100106,78.3,5,4.6,2.1,0.8,0.6,0.5,0.6,1.2,0.8,0.5,0.5,14.2,4.3,4.1,2,5.4,2.1,9.5,23.4,2.4
2300511125,"Casco, Cumberland County",1820,218,54558,74,8.4,14.6,8.3,0.3,0.6,0,1.2,0,1.2,0,1.2,11.1,4.9,14.2,5.9,16,7.3,30.2,31.3,3.5
2300512300,"Chebeague Island, Cumberland County",202,49,59521,63.4,10.4,6.4,4.8,5,4.7,1.5,2.3,4.5,4.7,10.9,7.1,8.4,7.9,5.9,6.1,18.9,9.5,24.8,26.4,7.3
2300515430,"Cumberland, Cumberland County",4141,260,102787,86.2,4.2,4.6,2.3,1.4,1.8,0,0.5,0,0.5,0.5,0.7,7.3,2.9,4.7,2.4,2.2,1.5,6.9,23.3,1.5
2300524495,"Falmouth, Cumberland County",6005,340,130336,80.5,4.1,4.9,2.2,1.6,1.2,0,0.4,1.2,1.1,1.1,0.7,10.7,3.5,4.2,1.8,3.4,1.4,7.6,21,2.1
2300526525,"Freeport, Cumberland County",4398,373,77526,77.3,5.1,5.2,3.2,1.2,0.9,0.4,0.7,0.6,0.7,1.8,1.8,13.6,4,2.1,1.8,3.6,2.3,5.7,21.1,1.7
2300528240,"Gorham, Cumberland County",9455,436,64870,75.9,4.2,13.2,3.6,4.2,1.5,0.5,0.4,0.6,0.7,0.4,0.3,5.3,1.6,5.8,1.9,5.4,1.6,11.2,25.5,1.3
2300528870,"Gray, Cumberland County",4645,309,57280,83.4,4.9,9.1,4.2,0.6,0.8,0,0.5,0.8,0.9,0,0.5,6.2,2.8,8.2,3.3,5.8,3.4,14,29.2,2.6
2300531390,"Harpswell, Cumberland County",2241,162,87903,75.7,5.7,11.3,3.7,2,1.4,0.2,0.3,0.9,0.7,0,1,9.9,3.3,13.6,3.7,11.5,3.7,25.1,30,2.5
2300531600,"Harrison, Cumberland County",1262,133,48033,79,6.7,10.3,6.4,1.6,1.5,0,1.8,0,1.8,0,1.8,9.1,4.5,11.1,5,15.8,5.6,26.9,29.4,3.2
2300541067,"Long Island, Cumberland County",109,41,83561,50.5,14.4,13.8,10.5,10.1,11.6,0,18.5,6.4,7.9,12.8,10.8,6.4,5.7,14.7,14.4,27.5,17.2,42.2,38.7,14.9
2300548085,"Naples, Cumberland County",2079,188,57783,85.1,5.5,6.2,4.4,0,0.2,0,1.1,0.8,1.2,0,1.1,7.9,4.3,21,6.3,14.6,6.2,35.6,36.8,5.2
2300548820,"New Gloucester, Cumberland County",3225,276,53346,83.9,4.6,4,2.5,2.3,2.5,0,0.7,0.5,0.7,0,0.7,9.3,3.4,9.6,3.6,5.3,3.1,14.9,31,2.6
2300553860,"North Yarmouth, Cumberland County",2171,119,79632,88.6,3.5,4.4,2.3,0.5,0.7,0.4,0.6,0.7,1,0,1,5.5,2.9,2.1,2.5,1.9,1.6,4,25.1,2.5
2300560545,"Portland, Cumberland County",37828,886,56840,65.9,1.6,8.8,0.9,12.4,1.1,2.3,0.6,1.4,0.5,3.1,0.6,6,0.8,4,0.7,3.4,0.6,7.4,19.1,0.6
2300560685,"Pownal, Cumberland County",964,135,56075,83.2,5.1,5.2,2.9,0.3,0.5,0,2.3,0.3,0.5,0.4,0.8,10.6,4.4,4.1,2.6,1,1.1,5.1,25,1.7
2300561945,"Raymond, Cumberland County",2533,158,59560,81.2,5.4,11.4,4.6,0.3,0.6,0,0.9,0.9,1,1,0.9,5.3,2.5,18,4.8,11.3,3.7,29.3,34.7,2.5
2300566145,"Scarborough, Cumberland County",10584,415,78973,81.3,2.7,7.5,2.1,0.9,0.8,0.3,0.4,0.7,0.5,0.6,0.6,8.6,2.2,2.8,1.1,3.2,1.2,6,19.1,1.2
2300566775,"Sebago, Cumberland County",827,114,57827,79.3,6.6,10.6,6,0,2.7,0,2.7,1.3,1.7,0,2.7,8.7,4.3,31,5.9,20.4,5.1,51.4,42,4.2
2300571990,"South Portland, Cumberland County",14037,527,60901,78.1,2.6,10.6,2.1,2.7,0.9,1.2,0.6,1.1,0.6,2.1,0.7,4.2,1,2.5,0.9,4.3,1.1,6.8,18.8,1.1
2300573670,"Standish, Cumberland County",5596,336,57880,75.5,5.3,10.1,3.7,3.8,1.3,0.1,0.1,0.7,0.7,0.1,0.2,9.7,3.6,23.9,5.6,6.1,2.8,30,32.2,2.2
2300582105,"Westbrook, Cumberland County",9456,491,52187,83.5,3.2,6.9,1.9,1.1,0.8,1.1,0.6,0.6,0.5,3.6,1.7,3.2,1.4,2.9,1.4,4.9,1.6,7.8,21.9,1.4
2300586025,"Windham, Cumberland County",9073,515,55952,87.4,2.4,5.8,2,0.3,0.3,0,0.2,0.4,0.4,0,0.2,6.1,1.6,7.5,2.2,2.4,1,9.9,26.7,1.3
2300587845,"Yarmouth, Cumberland County",4019,244,93415,81.4,5,7.8,3.1,0.9,0.9,0.6,0.9,0.2,0.4,0,0.6,9,3.4,5.4,2.4,0.5,0.7,5.9,21.1,1.3
2300702235,"Avon, Franklin County",227,94,30103,56.8,14.7,25.1,20.1,6.2,6.8,0,9.4,1.3,1.7,0,9.4,10.6,8.4,10.8,9.7,5.9,4.7,16.7,22.5,5.8
2300710740,"Carrabassett Valley, Franklin County",316,60,50011,77.2,10.4,5.7,3.5,7,10.5,0.9,1.3,0,6.9,0,6.9,9.2,4.5,6.6,5.4,6.3,3.9,12.9,17.2,4.1
2300710915,"Carthage, Franklin County",200,53,43011,73.5,11.3,22.5,12.1,0,10.6,0,10.6,0,10.6,0,10.6,4,3.4,14.6,10.4,13,7,27.6,32.3,4.3
2300712595,"Chesterville, Franklin County",640,103,43412,81.9,6.8,10.5,6,0.5,0.7,0,3.5,0,3.5,0,3.5,7.2,3.6,11.3,5,8.9,4.9,20.2,28.2,3.8
2300714205,"Coplin plantation, Franklin County",47,25,48903,93.6,7.1,2.1,6.2,0,35.7,0,35.7,0,35.7,0,35.7,4.3,5.7,0,36.7,0,36.7,0,12.6,4.4
2300716165,"Dallas plantation, Franklin County",138,47,34815,90.6,7.9,1.4,1.8,0.7,2.2,0,15,0,15,0,15,7.2,7.3,3.9,5.7,4.7,5.3,8.6,15.8,6.4
2300719865,"East Central Franklin U.T., Franklin County",245,65,57194,79.2,9.1,15.1,7.7,0,8.8,0,8.8,0,8.8,0,8.8,5.7,4.6,10.8,6.1,8.7,5.5,19.5,25.7,4.4
2300724005,"Eustis, Franklin County",184,60,37200,65.2,13,12.5,7.6,22.3,13.3,0,11.5,0,11.5,0,11.5,0,11.5,4.9,7.2,9.2,5.2,14.1,19.7,4.6
2300724775,"Farmington, Franklin County",3957,440,43035,64,6.6,11.4,5.4,16.4,5.6,0.8,0.9,0.4,0.7,1.1,1.7,5.9,2.7,3.5,2.5,7.7,4.2,11.2,18,3.4
2300734820,"Industry, Franklin County",487,90,49996,73.7,8.1,16.6,7.9,1.8,1.8,0,4.5,0.6,0.8,0,4.5,7.2,4.2,8.2,4,7.3,4.1,15.5,27.4,3
2300735625,"Jay, Franklin County",2427,240,46048,88.1,5.9,9.5,5.8,0,0.9,0,0.9,0.4,0.7,0,0.9,2,2.2,12.6,6.5,13.3,5.7,25.9,28.5,4.1
2300737025,"Kingfield, Franklin County",419,77,39229,79.5,7.7,7.9,6.9,3.8,3.5,0,5.2,1.2,1.5,0,5.2,7.6,4.2,2.6,2.6,4.1,2.8,6.7,22.2,2.9
2300749345,"New Sharon, Franklin County",834,131,40004,77.6,5.7,11.2,4.2,2.4,2,0,2.7,3.8,3.8,0,2.7,5,3.2,16.5,4.9,6.6,4.1,23.1,30.3,5.2
2300749520,"New Vineyard, Franklin County",343,74,50716,82.5,6.1,11.4,5,1.2,1.4,0,6.3,0,6.3,0,6.3,5,3.6,7.7,4.4,8.6,5.4,16.3,25.3,4.8
2300758445,"Phillips, Franklin County",388,74,43223,78.1,7,10.3,5.4,0,5.6,0,5.6,1,1.3,0,5.6,10.6,7.4,21.3,6.3,20.7,8.1,42,35.1,4.2
2300761840,"Rangeley, Franklin County",529,98,47314,65.2,10.6,10.6,8.6,5.7,3.8,0,4.2,0,4.2,0,4.2,18.5,8.7,11.4,7.9,2.8,4.1,14.2,13.6,3.7
2300761875,"Rangeley plantation, Franklin County",46,27,N,58.7,15.9,26.1,18.2,0,36.2,0,36.2,0,36.2,0,36.2,15.2,16.8,0,39.5,0,39.5,0,13.6,4.8
2300765655,"Sandy River plantation, Franklin County",89,43,36890,64,20.1,10.1,9.6,0,22.1,0,22.1,0,22.1,0,22.1,25.8,22.2,9.1,11.6,0,28.2,9.1,17.3,6.3
2300774825,"Strong, Franklin County",500,112,48836,83.8,5.3,5.2,3,1.4,1.2,0,4.4,2,1.8,1.4,1.9,6.2,4.3,15.6,7.2,7,3.4,22.6,26.4,2.7
2300775980,"Temple, Franklin County",315,95,50579,82.5,10,6,5.1,1.9,2.7,0,6.9,0,6.9,0,6.9,9.5,8.9,1.4,1.6,23.5,21.6,24.9,27.3,9.6
2300781300,"Weld, Franklin County",147,37,50164,93.2,7.2,3.4,4.3,0,14.2,0,14.2,1.4,2.1,0,14.2,2,4.1,6.3,4.7,15.3,6.6,21.6,32.2,4.7
2300785850,"Wilton, Franklin County",1534,183,52861,85.1,6.1,6.6,4.4,1.9,2.3,0,1.5,3.1,2.5,0,1.5,3.2,3.5,8.5,4.5,8.1,3.5,16.6,23.2,2.9
2300901185,"Amherst, Hancock County",124,27,53265,71,10.3,18.5,9.1,0,16.5,0,16.5,4.8,4.3,0,16.5,5.6,4.9,29.9,9.9,13.7,10,43.6,48.2,14
2300902165,"Aurora, Hancock County",39,11,N,92.3,8.6,0,39.5,0,39.5,0,39.5,0,39.5,0,39.5,7.7,8.6,27.8,18.7,0,41.1,27.8,24.4,5.4
2300902865,"Bar Harbor, Hancock County",2756,220,54820,63.2,9,13.8,6.7,13.3,5.8,0.9,1.3,0,0.8,0.5,0.8,8.3,4.6,0,0.9,1.3,1.4,1.3,14,1.5
2300905700,"Blue Hill, Hancock County",1374,182,58099,75.1,10.3,11.9,9.4,6,5.1,0,1.6,2.3,3.8,0.9,1.3,3.7,3.2,1.9,2.1,13.5,8.4,15.4,23.4,6
2300907800,"Brooklin, Hancock County",371,67,34788,70.1,9.8,8.6,5.2,6.7,5.7,0,5.9,2.4,3.8,0,5.9,12.1,7.4,7.1,4.6,12.6,7.1,19.7,24,4.7
2300907975,"Brooksville, Hancock County",397,69,69281,64,8.7,11.6,6.2,3.5,2.8,0,5.5,1.3,1.7,0,5.5,19.6,7.4,6,3.3,6.9,4,12.9,25,3.1
2300908815,"Bucksport, Hancock County",2137,251,41094,66,12.3,26.5,11.9,5.8,5.2,0,1,0,1,0.9,1.4,0.7,1.1,5.9,4.2,6.6,4.5,12.5,26.6,3
2300911265,"Castine, Hancock County",394,84,48406,46.2,10.8,9.1,5.9,26.1,12.7,0,5.5,4.6,4.3,0,5.5,14,9.5,4.1,4.5,3.2,3.6,7.3,13.5,3.5
2300914905,"Cranberry Isles, Hancock County",89,34,73908,44.9,21.8,0,22.1,2.2,5.2,0,22.1,7.9,9.8,12.4,11.8,32.6,21.7,1.7,5.1,1.7,3.5,3.4,14,8.1
2300916935,"Dedham, Hancock County",880,118,89801,88.2,6.2,6,4.4,1.5,2,0,2.5,0,2.5,0,2.5,4.3,3.5,2.7,1.6,3.4,2.3,6.1,24.7,1.8
2300917145,"Deer Isle, Hancock County",813,163,58978,69.5,7.2,12.7,5.5,4.7,3.4,0,2.7,4.7,4.7,0.7,1,7.7,4.4,3.7,4.2,6.8,5.3,10.5,18.7,5.7
2300919770,"Eastbrook, Hancock County",152,56,36004,81.6,9.1,13.2,9.8,0,13.7,0,13.7,0,13.7,0,13.7,5.3,5.9,9.7,9,9,7.1,18.7,24.8,3.9
2300923200,"Ellsworth, Hancock County",3920,215,52098,80.2,4.3,12.6,3.6,2,1.7,0.3,0.5,0.4,0.6,0.6,0.7,3.9,1.7,11.2,3.4,5.5,2.1,16.7,23.5,2.2
2300926350,"Franklin, Hancock County",605,107,36236,73.2,7.6,17.5,9,0,3.6,0,3.6,1.5,1.4,1.2,1.5,6.6,4.1,18.2,7.8,9.4,4.7,27.6,31.1,3.1
2300928450,"Gouldsboro, Hancock County",660,93,70776,68.2,6.2,13.2,5.1,5.2,3.3,0,3.3,1.1,1.1,3.5,2.4,8.9,4.2,12.6,4.7,6.5,3.8,19.1,25.3,3.5
2300930970,"Hancock, Hancock County",1139,219,41961,80.5,7.8,13.3,7.2,1.8,2.3,0,2,0.6,1,1,1,2.9,2.2,11.8,6.5,2.7,2,14.5,21.6,2.4
2300938180,"Lamoine, Hancock County",907,145,55999,79.8,4.9,7.9,3.4,2,1.9,0,2.4,1.8,1.5,0,2.4,8.5,3.7,11.1,4.7,6.3,2.6,17.4,25.3,2.5
2300943430,"Mariaville, Hancock County",233,41,40561,76,10.9,9,5.2,0,9.2,0,9.2,0,9.2,0,9.2,15,10,24.7,8.1,18.2,7.6,42.9,40.1,3.8
2300947630,"Mount Desert, Hancock County",896,144,59248,71.7,7.8,9.6,6,6.1,4.1,0.9,1.5,0.7,1,1.1,1.2,9.9,5.2,4.3,4.2,3.1,2.3,7.4,17.4,3.3
2300955505,"Orland, Hancock County",1049,132,46658,83.5,6.5,11.8,6.2,2.5,2.3,0,2.1,0.5,0.7,0,2.1,1.7,1.8,12.2,4.7,9,4.9,21.2,26.6,4.2
2300955855,"Osborn, Hancock County",33,13,N,90.9,8.5,9.1,8.5,0,43,0,43,0,43,0,43,0,43,6.1,7,9.1,10.5,15.2,27.9,7.7
2300955890,"Otis, Hancock County",417,81,43745,81.3,6.5,7.7,4.4,4.3,3.6,0,5.2,0,5.2,0,5.2,6.7,4.3,11.3,6.2,9,4.4,20.3,31.8,2.7
2300957920,"Penobscot, Hancock County",496,70,55687,85.9,5,4.6,3.2,1.4,1.6,0,4.4,2.2,1.8,0,4.4,5.8,3.1,10.1,4.4,12.8,6,22.9,27,3.6
2300967300,"Sedgwick, Hancock County",519,98,47412,78.2,7.7,6.4,3.2,2.1,2.6,0,4.2,2.5,2.8,0.2,0.7,10.6,4.6,1.9,1.6,9.9,4.3,11.8,23.9,2.9
2300969750,"Sorrento, Hancock County",135,45,37563,83.7,8.4,6.7,6.8,3,3.3,0,15.3,1.5,2.2,1.5,2.1,3.7,3.6,18.5,13.5,10,7.8,28.5,29.7,5.5
2300972865,"Southwest Harbor, Hancock County",876,181,48949,68.6,7.3,6.4,4,8.7,4.9,0,2.5,0,2.5,1.7,2.6,14.6,6.3,1.7,1.8,1.2,1.3,2.9,13.8,2.5
2300974580,"Stonington, Hancock County",454,106,43974,57.5,10.9,12.3,5.4,16.3,9.7,0,4.8,1.5,1.5,0.9,1.4,11.5,5.4,6.2,6.9,6,3.8,12.2,17.2,4.8
2300974965,"Sullivan, Hancock County",486,75,44673,81.5,6.5,9.3,4.6,0,4.5,0,4.5,1,1.4,3.1,2.5,5.1,4.4,12.1,5.5,12.4,6.3,24.5,33.6,4.7
2300975280,"Surry, Hancock County",793,158,56383,75.9,7.7,14.1,7.2,1,1.5,0,2.8,2.4,1.8,0,2.8,6.6,3.2,15.4,7,7.6,3.9,23,27.8,3.9
2300975455,"Swans Island, Hancock County",220,58,55018,55.9,10.5,11.4,4.9,13.6,8.5,0,9.7,10.9,7.4,1.8,2,6.4,5.7,0,10.3,9.7,6.5,9.7,16.3,6.3
2300977345,"Tremont, Hancock County",721,129,52582,81.7,7,3.6,2.4,6.8,4.4,0,3.1,0.8,1.2,0,3.1,7.1,3.8,1.9,2.3,1,0.9,2.9,18.1,2.3
2300977415,"Trenton, Hancock County",968,151,52491,70.9,7.2,16.4,6.5,1.9,1.8,0,2.3,3.1,2.5,0.4,0.6,7.3,4.6,2.3,2,7.7,3.3,10,24.8,2.6
2300978925,"Verona Island, Hancock County",279,75,50397,76,8,16.8,7.8,3.6,5.4,0,7.7,0,7.7,0,7.7,3.6,3.3,8.6,4.9,11.2,7.2,19.8,32.9,9.6
2300980040,"Waltham, Hancock County",182,33,36189,81.9,7,13.2,6.1,0,11.6,0,11.6,2.2,2.3,0,11.6,2.7,2.3,16.4,9.9,12.4,5.4,28.8,35.7,5.8
2300986655,"Winter Harbor, Hancock County",179,46,43317,63.7,13.9,7.8,9.1,16.2,10.6,0,11.8,0,11.8,1.1,1.9,11.2,9,11.9,8.3,5,5.4,16.9,20.3,6.3
2301100590,"Albion, Kennebec County",927,118,44969,72.3,8,12.5,7.2,0,2.4,0,2.4,2.5,2.3,0,2.4,12.7,5.8,11.6,6.5,5.7,3.5,17.3,25.8,2.9
2301102100,"Augusta, Kennebec County",8658,484,45876,80.9,3.5,7.1,2.2,4.8,1.8,0.2,0.3,2.4,2,0.3,0.4,4.2,1.4,5.7,1.7,4.8,1.6,10.5,17.5,1.3
2301104020,"Belgrade, Kennebec County",1343,160,59226,89.7,4.4,5,3.6,0.7,1.1,0,1.7,0.5,0.9,0.7,1.1,3.4,2.1,4.5,2.5,3.7,2.7,8.2,24.2,1.7
2301104475,"Benton, Kennebec County",1262,112,42604,81.4,6.3,8.7,4.3,0,1.8,0,1.8,3.5,3,0,1.8,6.4,4.8,7.9,3.4,5.5,3.1,13.4,21.8,2.4
2301112350,"Chelsea, Kennebec County",1275,151,49610,83,5.1,11.8,4.6,1,1.1,0,1.7,0.9,1.4,0,1.7,3.3,1.7,6,4,3.2,2.6,9.2,21.2,2.7
2301112735,"China, Kennebec County",1959,161,45285,81.3,6.4,10,4.7,1.6,2,0,1.1,0.5,0.7,0.6,1,6.1,3,7.1,3.7,13,5,20.1,28.4,3.1
2301113470,"Clinton, Kennebec County",1319,196,43080,89.6,6.2,6.7,3.8,1.6,2.6,0,1.7,0,1.7,0,1.7,2,3.3,4.6,2.7,8.4,5.7,13,24.1,3
2301124670,"Farmingdale, Kennebec County",1271,225,50253,89.5,5.9,5.4,3.8,0,1.8,0,1.8,0,1.8,0,1.8,5.1,4.6,1.2,1.8,12.5,10.2,13.7,24.3,4.8
2301124950,"Fayette, Kennebec County",501,80,51074,92.4,3.5,3.6,3.1,0.6,0.8,0,4.4,0,4.4,0,4.4,3.4,1.9,13,4.9,5,2.6,18,28.4,1.9
2301127085,"Gardiner, Kennebec County",2522,219,50624,81.2,5.5,10.5,3.8,5.9,4.7,0,0.9,0,0.9,0.2,0.3,2.3,1.5,5.4,3.1,5.3,2.8,10.7,24.4,3
2301130550,"Hallowell, Kennebec County",1114,135,63642,70.6,8.9,8.9,4.5,11.3,6,1,1.5,0.7,1.2,0,2,7.5,4.6,7.2,4.8,4.5,2.9,11.7,17.3,2.2
2301140175,"Litchfield, Kennebec County",1852,172,57084,80.4,5.5,9.4,4.8,1.4,2,0,1.2,0,1.2,0.6,0.8,8.2,4.7,9.5,5.8,9.4,3.3,18.9,32.6,2.9
2301143080,"Manchester, Kennebec County",1379,107,71934,80.7,4.8,13.3,4.5,1,0.9,0,1.6,0,1.6,0,1.6,5,2.4,7.3,3.1,6.4,3.5,13.7,21.7,2.2
2301146405,"Monmouth, Kennebec County",2039,186,50725,83.6,5.9,9.5,4.8,1.7,1.3,0,1.1,0,1.1,0,1.1,5.3,3.4,9.1,4.3,9.4,5,18.5,33.7,5.1
2301147770,"Mount Vernon, Kennebec County",785,106,50447,83.8,5.2,11.3,4.8,1.8,1.4,0.4,0.6,0,2.8,0,2.8,2.7,2,7.2,3.5,8.4,4.2,15.6,30.5,2.5
2301154560,"Oakland, Kennebec County",2926,309,60477,81.5,5.3,10.7,4.3,2.4,3.3,0,0.8,1,1.2,0,0.8,4.5,2.6,4,3.3,4.5,2.4,8.5,20.6,1.9
2301159110,"Pittston, Kennebec County",1386,108,47433,82.8,4.6,12,3.8,1.4,1.5,0,1.6,0,1.6,0,1.6,3.8,2.2,17.6,3.8,7.7,3.4,25.3,30.2,2.7
2301161700,"Randolph, Kennebec County",1060,142,42601,81.7,5.8,17.7,5.8,0,2.1,0,2.1,0.6,0.9,0,2.1,0,2.1,17.7,6.5,4.5,3.4,22.2,26.4,2.4
2301162190,"Readfield, Kennebec County",1379,121,50810,75.9,7,10.5,5.5,6.7,5.3,0,1.6,0.6,0.8,0,1.6,6.3,3.4,10.4,3.8,11.5,4.2,21.9,32.2,5.6
2301163835,"Rome, Kennebec County",426,76,56067,74.4,9.4,16,9.2,0,5.1,0,5.1,0,5.1,0,5.1,9.6,5,11.4,5.4,12.7,6.5,24.1,31.9,3.4
2301168385,"Sidney, Kennebec County",2221,147,49584,78.1,6.5,10.3,5.3,1.4,1.2,0.4,0.6,1.1,1,0.4,0.6,8.4,4.9,5,3.6,4.1,2.1,9.1,22.7,1.9
2301178745,"Vassalboro, Kennebec County",2300,215,45945,81.2,5.6,9.8,4,1.6,1.5,0.3,0.5,1.7,1.7,0.8,1.1,4.6,2.7,6.2,3.1,12.9,4.9,19.1,28.4,3.8
2301179025,"Vienna, Kennebec County",189,53,47715,82.5,8.6,9.5,7.1,1.1,1.7,0,11.2,0,11.2,0,11.2,6.9,4.6,10.8,6.6,9.7,5,20.5,31.5,5.1
2301180740,"Waterville, Kennebec County",6757,490,47819,66.5,4.3,10.9,3.6,17,3,0,0.3,1.5,1.1,0,0.3,4.1,2.1,2.2,1.6,4.5,1.5,6.7,16.6,1.2
2301180880,"Wayne, Kennebec County",461,78,60157,85.9,5.2,6.1,3.8,0,4.8,0,4.8,0.9,1.1,0,4.8,7.2,3.7,6.8,4.8,14.3,6.9,21.1,40.7,8.4
2301182945,"West Gardiner, Kennebec County",1681,297,51445,85.5,7.5,11.5,7.1,0,1.3,0,1.3,0.8,1.4,0,1.3,2.1,2.4,9.1,6.1,7.2,4.6,16.3,27.2,3.1
2301186165,"Windsor, Kennebec County",1236,120,48905,86.3,5.2,9,4.3,2.1,3,0,1.8,0,1.8,0,1.8,2.6,2.5,9.2,4,7.7,3.6,16.9,26.3,3.6
2301186515,"Winslow, Kennebec County",3929,234,47673,87,3,6,1.8,1.8,0.9,0,0.6,0.7,0.6,0.6,1,3.9,1.9,3.6,1.7,5.4,1.8,9,20.7,1.6
2301186970,"Winthrop, Kennebec County",3014,229,54917,78,7.3,7.8,5.2,6.4,5.6,0,0.7,0.7,1.2,0,0.7,7.1,4.7,2.5,2.1,8.2,4.7,10.7,27.6,4
2301301465,"Appleton, Knox County",674,77,52686,79.5,6.1,8.2,4,2.4,2.9,0,3.3,0.6,1,2.5,2.5,6.8,3.4,4.1,2.1,6.4,3.4,10.5,29.2,2.3
2301309725,"Camden, Knox County",2215,277,58696,81.6,6.2,3.3,2.9,4.2,3.8,0,1,0.9,1.4,0,1,10,5.1,2.6,2.4,0.7,1.2,3.3,12.2,1.9
2301315780,"Cushing, Knox County",640,96,44850,83.9,6.9,9.2,5.7,0.6,0.8,0,3.5,0,3.5,0.6,0.9,5.6,3.8,1.8,1.5,3.6,2.2,5.4,21.1,2.2
2301326805,"Friendship, Knox County",509,80,46885,71.1,7.8,9.6,4.9,4.9,2.7,0,4.3,3.5,2.2,1,1.2,9.8,4.4,5.2,3.7,5,3.1,10.2,23.8,3.6
2301333840,"Hope, Knox County",756,102,47056,71,6.7,8.1,4,4.8,3,0,2.9,1.7,1.8,0,2.9,14.4,4,1.2,1.3,3.1,2.6,4.3,19,2.3
2301344165,"Matinicus Isle plantation, Knox County",45,19,N,60,19.7,28.9,21,0,36.7,0,36.7,0,36.7,0,36.7,11.1,12.2,5,9.2,0,39,5,8.1,4.5
2301351620,"North Haven, Knox County",293,51,52854,61.1,6.8,16.7,5.5,7.2,3.1,0,7.4,5.5,2.9,2,1.9,7.5,4.4,0.7,0.9,1.8,1.8,2.5,9.6,1.9
2301356135,"Owls Head, Knox County",717,78,55309,77.3,5.8,14.8,4,2.9,2.2,0.4,0.7,2.2,2.7,0,3.1,2.4,1.7,8,4.3,4.7,3.1,12.7,20.1,3.8
2301363590,"Rockland, Knox County",3335,247,42595,68.4,6,10.1,5.6,10.6,4.3,0.7,0.8,3.4,2.5,0,0.7,6.9,2.6,3.3,2.3,1.5,1.1,4.8,12.4,1.5
2301363660,"Rockport, Knox County",1738,161,60461,75.3,5.7,7.9,4.2,4.3,3.2,0,1.3,2,1.6,0.9,1.3,9.7,3.8,1.3,1.4,4.8,3.5,6.1,14.4,2.6
2301365130,"St. George, Knox County",1379,180,61156,77.3,10,12.6,9.7,3,3.7,0,1.6,1.9,2.1,0,1.6,5.2,4.3,0,1.7,1.7,1.9,1.7,17.5,3
2301372585,"South Thomaston, Knox County",660,85,49727,78.6,6.5,12.6,5.7,1.7,1.3,0,3.3,3,1.8,0,3.3,4.1,2.2,3,2.3,6.2,4.2,9.2,18.2,3.3
2301376365,"Thomaston, Knox County",1239,188,44313,86.3,8.2,6.6,6.8,1.3,2.1,0,1.8,0,1.8,0,1.8,5.8,4,0,1.9,2.4,2.8,2.4,16.8,2.5
2301378115,"Union, Knox County",1301,162,41725,73.7,6.5,16.2,6.9,5.5,4.2,0,1.7,0.4,0.6,0,1.7,4.2,1.8,4.1,3,5.5,2.3,9.6,24.9,1.9
2301379130,"Vinalhaven, Knox County",524,94,51508,72.3,6.9,10.9,4.6,6.1,5.1,0,4.2,3.1,3.6,0,4.2,7.6,3.6,0,4.5,0,4.5,0,7,1
2301380215,"Warren, Knox County",2271,265,46056,84.7,7.5,9.4,6.3,2.6,2.8,0.8,1.3,0,1,0,1,2.5,2.2,1.5,1.9,2.9,2.6,4.4,20,3.2
2301380425,"Washington, Knox County",649,100,55527,76.9,7.2,14.5,6.4,4.2,4.1,0,3.4,0,3.4,0,3.4,4.5,2.5,7.6,4,8.2,5.2,15.8,29.7,3
2301501010,"Alna, Lincoln County",369,62,55880,77.2,6.9,5.1,3.7,1.9,2.6,0,5.9,0,5.9,4.9,4.7,10.8,4.6,8.5,4.8,11.6,6.6,20.1,28.8,3.6
2301506050,"Boothbay, Lincoln County",1560,165,48844,80.8,6.5,7.7,4.3,0,1.4,0,1.4,0.4,0.8,1.7,1.9,9.4,5.3,4.4,4.1,6.1,4.7,10.5,19.5,4.2
2301506120,"Boothbay Harbor, Lincoln County",804,104,43273,75.5,6.2,5.6,3.8,3.7,2.4,2.1,2,1.9,1.6,0.9,1.1,10.3,4.3,9.2,5.7,3.9,2.6,13.1,16.4,4.2
2301506855,"Bremen, Lincoln County",406,78,46404,66,10.7,14.8,6.2,3.9,3.1,0,5.4,1,2.2,0.5,0.9,13.8,7,7.1,4.6,5.4,4,12.5,25.8,4.5
2301507485,"Bristol, Lincoln County",1155,147,53559,82.1,5.8,4.2,2.2,1.9,1.7,0.9,1.4,1.3,1.6,0,1.9,9.6,3.9,4.5,2.9,6.6,4.5,11.1,19.7,2.7
2301516235,"Damariscotta, Lincoln County",897,171,54725,70,7,5.9,3.3,6.1,4.5,0.9,1.1,4.3,5,1.9,3,10.8,5.4,3.1,2.1,7.5,5.7,10.6,26.9,9.8
2301518475,"Dresden, Lincoln County",909,130,52029,76.8,7,17.9,6.5,1.8,1.5,0,2.4,1.1,1.2,0.3,0.5,2.1,1.6,7.6,3.6,3.8,2.1,11.4,28.7,2.4
2301522675,"Edgecomb, Lincoln County",555,91,49539,78.6,7.2,11.7,4.8,2.5,4.1,1.8,2.2,0.4,0.5,0,4,5,3.1,5.1,3.6,3.4,2,8.5,21.5,2.4
2301535695,"Jefferson, Lincoln County",1202,187,40947,78.9,4.7,12.5,4.2,0.7,0.7,0.8,1.3,1.6,1.3,0,1.9,5.6,3.1,14,6.5,6.3,3,20.3,30,3.9
2301546335,"Monhegan plantation, Lincoln County",32,24,N,3.1,9.8,6.3,13.5,37.5,33.3,0,43.6,40.6,45.1,0,43.6,12.5,18,0,46.6,3.6,11,3.6,17.7,8.4
2301548645,"Newcastle, Lincoln County",867,136,63726,78.9,4.6,10.3,3.8,1.5,0.9,0,2.6,0.3,0.4,0,2.6,9,3.3,6.5,3.7,6.3,4.4,12.8,24.7,3.6
2301549660,"Nobleboro, Lincoln County",834,127,48980,82.3,5.4,11.2,4.1,1.7,1.6,0.2,0.6,1.9,2.8,0,2.7,2.8,1.7,6.4,3.1,6.8,4.4,13.2,24.3,5.8
2301569645,"Somerville, Lincoln County",185,43,42046,70.3,14.4,4.3,4.3,3.8,5.5,0,11.4,0,11.4,0,11.4,21.6,14.2,17.2,11,13.1,13.5,30.3,32.3,6
2301570240,"South Bristol, Lincoln County",521,67,64291,66.4,7.5,11.3,4.8,1.5,2.7,1,2.3,5.6,4.1,0,4.2,14.2,5.1,4,2.6,7.6,4.4,11.6,21,3
2301571955,"Southport, Lincoln County",236,62,60261,74.6,8.5,6.8,4.6,3.4,3.8,0,9.1,0.8,1.8,0.8,1.4,13.6,7.6,4.4,3.6,7.4,6.2,11.8,18.7,6.3
2301579550,"Waldoboro, Lincoln County",2541,289,43698,76.1,6.9,12.6,6.6,6.3,4.2,0,0.9,1.7,1.9,0.7,1.1,2.6,2.5,12.8,5.9,7.4,3.5,20.2,26.6,3.6
2301584140,"Westport Island, Lincoln County",325,77,77696,73.2,10.8,17.5,11.3,0,6.7,0,6.7,2.5,3,0,6.7,6.8,4.2,2.3,2.1,7.9,3.9,10.2,27.2,4.1
2301585010,"Whitefield, Lincoln County",1111,169,52643,77.1,6,10.6,4.7,2.1,1.7,0,2,1,1,0,2,9.2,4.1,13.7,5.2,4.7,2.4,18.4,28.2,2
2301587075,"Wiscasset, Lincoln County",1767,265,56559,77.8,7.9,11.5,6.4,7.5,5.5,0,1.3,0,1.3,0,1.3,3.2,2.9,8.6,4,8.2,4.9,16.8,25.8,4.1
2301701325,"Andover, Oxford County",219,47,44898,80.8,8,6.4,3.3,5,5.5,0,9.8,0,9.8,0,9.8,7.8,4.5,7.9,4.9,12.4,4.6,20.3,32.9,6.4
2301704825,"Bethel, Oxford County",1257,161,57865,83.7,5.4,5.3,3.6,2.7,2.8,0,1.8,0,1.8,0.8,1.1,7.6,3.9,3.6,2.2,13.9,6.2,17.5,29.6,6.2
2301708150,"Brownfield, Oxford County",667,105,47494,82.3,5.7,4.9,3.6,0.7,1.3,0,3.3,0.4,0.7,0,3.3,11.5,4.5,3.7,2.5,9.8,4.6,13.5,30.2,3.5
2301708710,"Buckfield, Oxford County",963,144,49700,84.2,6.7,7.8,4.6,0,2.3,0,2.3,0.7,1.1,1,1.5,6.2,3.2,9.3,4.7,16.3,6.1,25.6,33.2,4.7
2301709550,"Byron, Oxford County",40,25,43104,65,36.6,35,36.6,0,39,0,39,0,39,0,39,0,39,10,13.4,10,11.8,20,26.6,7.3
2301710005,"Canton, Oxford County",385,107,44263,88.8,7.7,4.7,4.6,4.7,3.7,0,5.7,0,5.7,0,5.7,1.8,2.4,7.7,4.8,17.2,7.1,24.9,35.4,4
2301717250,"Denmark, Oxford County",578,107,49016,70.8,9.5,19.4,9.7,3.8,3.4,0,3.8,1.4,1.5,0,3.8,4.7,2.2,4.2,2.6,17.4,7.4,21.6,31.3,5.6
2301717740,"Dixfield, Oxford County",709,109,45013,85.2,5.6,9.7,5.2,1.1,1.2,0,3.1,2.5,2.2,0,3.1,1.4,1.6,15,5.7,8,4.6,23,25.3,2.9
2301726910,"Fryeburg, Oxford County",1583,181,39244,79.3,6.3,8.1,4.6,4.4,2.7,0,1.4,0.9,1.6,0,1.4,7.3,3.1,4.2,3.3,6.3,5.1,10.5,21,3.2
2301727505,"Gilead, Oxford County",51,22,52653,76.5,20.2,7.8,9,3.9,8,0,33.9,0,33.9,0,33.9,11.8,10.6,8.9,8,2.2,6.6,11.1,21.1,6
2301729710,"Greenwood, Oxford County",337,81,46000,76.9,8,8.9,5.4,0.3,0.7,0,6.5,0,6.5,0.9,1.1,13.1,5.9,4.1,3.1,9.2,3.7,13.3,25,4.1
2301731110,"Hanover, Oxford County",86,35,59888,75.6,21,0,22.7,2.3,3.4,0,22.7,0,22.7,0,22.7,22.1,20.6,0,27.9,9,8.5,9,28,9.1
2301731670,"Hartford, Oxford County",589,128,44437,89.3,5.5,4.2,3.7,0,3.7,0,3.7,0.5,0.8,0,3.7,5.9,3.9,17.3,10.4,10.8,5.9,28.1,35.4,3.6
2301732370,"Hebron, Oxford County",878,136,45412,77.7,6.3,11.4,5.3,6.6,4.6,0,2.5,0,2.5,0,2.5,4.3,4.5,4.8,3,11.5,5.2,16.3,27.9,3.1
2301733315,"Hiram, Oxford County",712,127,43162,80.5,8.3,12.8,6.1,0.4,0.6,0,3.1,2.1,3.1,0,3.1,4.2,2.8,22.9,6.5,13,4.2,35.9,32.7,2.7
2301741365,"Lovell, Oxford County",457,98,51253,82.9,6.8,8.1,5.2,3.3,3.2,0,4.8,0,4.8,0,4.8,5.7,5,16.9,6.8,9.7,5.3,26.6,31.7,4.2
2301742835,"Magalloway plantation, Oxford County",13,9,N,84.6,13.7,0,68.4,0,68.4,0,68.4,15.4,13.7,0,68.4,0,68.4,0,68.4,15.4,22,15.4,24.6,10.9
2301745285,"Mexico, Oxford County",1074,148,44096,81.1,7,10.1,5.4,2,2.2,0,2.1,0,2.1,0,2.1,6.8,4.1,14.7,8.7,9.1,4.6,23.8,23.1,5.1
2301749275,"Newry, Oxford County",149,25,49974,86.6,5.2,7.4,4.4,2,2.3,0,14,2,2.3,0,14,2,2.3,2.1,2,8.2,4.4,10.3,21.5,4
2301754000,"Norway, Oxford County",2225,249,37944,82.7,7.5,9.9,5.1,2.5,2.8,0,1,0,1,0,1,4.9,4.2,6.3,3.5,16,5.1,22.3,29.3,3.2
2301755960,"Otisfield, Oxford County",1102,231,44610,91,4,4.9,2.8,0.5,0.7,0,2,0,2,0,2,3.6,2.4,21.2,7,14.7,4.9,35.9,36.5,2.7
2301756310,"Oxford, Oxford County",1944,433,38829,76,8.5,15.1,9.1,0,1.1,0,1.1,0,1.1,1.4,2.3,7.4,5.7,6.6,4.6,10.4,6.1,17,24.6,2.8
2301756625,"Paris, Oxford County",1806,350,45142,82,7,14.8,6.4,2.4,3.8,0,1.2,0,1.2,0,1.2,0.8,1.3,5.9,4.2,18.3,9.1,24.2,29.1,4.9
2301758270,"Peru, Oxford County",647,110,47777,85.5,4.1,4.5,2.7,2.3,1.8,0,3.4,3.6,2.5,0,3.4,4.2,2,12.6,4.1,9.8,3.7,22.4,27.4,3.8
2301760405,"Porter, Oxford County",753,125,39870,77.6,7.2,11.7,6.9,3.7,3.1,0,2.9,1.9,2.2,0,2.9,5.2,3.3,17.2,7.2,22.1,6.5,39.3,37.3,3.2
2301764185,"Roxbury, Oxford County",102,32,40490,96.1,6.9,2,4.2,0,19.7,0,19.7,0,19.7,0,19.7,2,4.4,3,5.7,13,9.8,16,28.6,8.4
2301764290,"Rumford, Oxford County",2138,281,41892,77.1,7.9,12.6,6.7,4.2,2.8,0,1,5.1,4.6,0,1,1,1.4,6.3,3.4,7.9,4,14.2,21.9,3.8
2301774510,"Stoneham, Oxford County",141,38,41770,78.7,10.4,5,4,5,4.6,0,14.7,1.4,2,5,5.6,5,6.4,8.2,6.1,6.7,6.1,14.9,25,4.3
2301774685,"Stow, Oxford County",202,54,39826,89.6,5.7,3,2.7,0,10.5,0,10.5,0.5,1.2,0,10.5,6.9,4.9,7.4,5.2,4.8,3.7,12.2,29.4,4.1
2301775035,"Sumner, Oxford County",412,66,45020,84.2,5.5,10.4,5.3,1.9,1.8,0,5.3,0,5.3,0,5.3,3.4,3.4,21.6,9,9.5,5.5,31.1,34.4,3.9
2301775595,"Sweden, Oxford County",154,46,62600,87.7,6.7,5.8,5.4,1.3,2.1,0,13.6,0,13.6,0,13.6,5.2,3.6,3.4,5,8.9,5.2,12.3,24.9,3.8
2301778465,"Upton, Oxford County",17,8,N,76.5,27.9,11.8,13.1,11.8,24.7,0,59.8,0,59.8,0,59.8,0,59.8,0,59.8,11.8,15.2,11.8,16.2,7.7
2301780635,"Waterford, Oxford County",631,116,46968,81.6,6.8,7.6,4.4,3.3,3.3,0,3.5,0.8,1.3,0,3.5,6.7,4,16.5,6.9,9.8,4.3,26.3,30.7,3.2
2301783890,"West Paris, Oxford County",849,116,44780,78.9,5.8,12.7,5.3,1.8,1.5,0,2.6,0.5,0.7,0,2.6,6.1,4.2,14.7,5.1,9.2,3.9,23.9,26.4,2.3
2301787355,"Woodstock, Oxford County",733,111,48088,82.9,5.3,11.1,4.5,1,1.3,0,3,1.4,1.5,0.4,0.5,3.3,2.4,11.4,3.8,7.3,3.4,18.7,27.6,4.9
2301901115,"Alton, Penobscot County",453,61,55449,91.8,4.1,6.6,3.8,0,4.8,0,4.8,0,4.8,0,4.8,1.5,1.8,2.5,1.6,10.3,4.6,12.8,32,4.9
2301902795,"Bangor, Penobscot County",15141,585,53237,74.4,2.9,13.1,2.8,5.3,1.2,0.2,0.2,1.4,0.7,1.5,0.6,4.2,1.2,2.2,0.9,3.9,1.4,6.1,16,1.1
2301906575,"Bradford, Penobscot County",462,80,44659,81.8,6.3,11.7,5.3,0.4,0.8,0,4.7,2.6,2.8,0,4.7,3.5,2.4,22,6.8,12.8,6.1,34.8,36.5,3.2
2301906680,"Bradley, Penobscot County",777,151,44936,86.4,6.3,9.7,5.9,0,2.9,0,2.9,0,2.9,0,2.9,4,2.4,0.9,1.5,9.9,4.6,10.8,26.6,2.6
2301906925,"Brewer, Penobscot County",4819,371,56036,83,3.6,9.2,2.9,0.9,0.7,0.1,0.2,2.5,1.5,0.4,0.6,4,1.7,1.8,1,5.3,2.3,7.1,17.8,2.1
2301909200,"Burlington, Penobscot County",86,27,65776,76.7,11.9,11.6,8.8,11.6,9.8,0,22.7,0,22.7,0,22.7,0,22.7,4.7,5.3,19.8,12.4,24.5,29.4,7.9
2301910670,"Carmel, Penobscot County",1513,99,45192,82.4,5.1,9.2,4,0.3,0.5,0,1.5,3.7,2.5,0.6,0.8,3.8,2.3,6.5,2.9,3.4,2.7,9.9,25.2,2.6
2301910810,"Carroll plantation, Penobscot County",39,18,38877,100,39.5,0,39.5,0,39.5,0,39.5,0,39.5,0,39.5,0,39.5,17.9,14.7,7.7,9,25.6,41.9,13.8
2301912105,"Charleston, Penobscot County",596,119,38385,87.2,5.4,7,3.4,0.7,0.9,0,3.7,2,3,0.5,0.9,2.5,1.8,13.8,5.9,3.8,2.6,17.6,26.7,3.1
2301912525,"Chester, Penobscot County",218,61,57217,77.5,8.7,18.3,9.1,0,9.8,0,9.8,1.4,2.3,0,9.8,2.8,2.8,2.4,2.7,29.2,10.8,31.6,35.1,8.5
2301913365,"Clifton, Penobscot County",351,85,40781,80.1,11.4,12.8,11.1,0.9,1.8,0,6.2,0.6,1,0,6.2,5.7,4.3,8.5,5.7,11.5,7.3,20,31.4,3.4
2301914310,"Corinna, Penobscot County",982,113,50224,79.7,6.7,11.9,5.3,0.4,0.7,0,2.3,0,2.3,0,2.3,7.9,5.2,23.7,7.6,10.1,5.3,33.8,32.9,7.3
2301914380,"Corinth, Penobscot County",1185,150,45370,82.1,5.6,12.2,4.7,0.8,1.2,0,1.9,0.6,0.8,0,1.9,4.3,3.2,6.1,2.6,3.7,2,9.8,28.6,2.5
2301917530,"Dexter, Penobscot County",1437,237,43639,85.5,6.5,7.4,5.9,2,1.9,0,1.6,1.9,2.8,0,1.6,3.1,3.2,15.6,6.9,13.1,6.7,28.7,32.7,5.7
2301917950,"Dixmont, Penobscot County",623,81,45180,86.7,5.5,8.5,4.6,0,3.5,0,3.5,0,3.5,0,3.5,4.8,3.5,5.2,3.3,11,4.6,16.2,31.6,2.7
2301921030,"East Millinocket, Penobscot County",632,83,51260,75.5,6.8,11.2,5.5,4.7,3,0,3.5,2.1,2.8,0,3.5,6.5,4.6,3.4,2.8,11.5,5.2,14.9,20.3,4.3
2301922535,"Eddington, Penobscot County",1004,165,50047,89.1,4.3,6.6,3.5,2.7,2.9,0,2.2,0.5,0.7,0,2.2,1.1,1.1,1.7,1.4,6.3,3.4,8,24.7,3.2
2301922710,"Edinburg, Penobscot County",53,17,N,88.7,13.7,7.5,10.8,0,33.1,0,33.1,0,33.1,0,33.1,3.8,10.1,3.9,6.1,5.9,7,9.8,28.4,10
2301923620,"Enfield, Penobscot County",719,89,48487,86.8,4,8.1,3.5,1.9,1.9,0,3.1,0,3.1,0,3.1,3.2,2.1,21.6,5.3,9.2,4.9,30.8,30.7,4.3
2301923865,"Etna, Penobscot County",490,81,44331,86.1,8.2,8,5.2,1,1.8,0,4.5,0,4.5,0,4.5,4.9,3.7,3.9,3,2.4,1.8,6.3,26.6,2.8
2301924110,"Exeter, Penobscot County",449,78,47943,88.6,4.5,6,4.1,0.9,1.1,0,4.9,1.1,1.5,0,4.9,3.3,2.1,12.2,4.9,2.3,2.4,14.5,27.5,1.6
2301927190,"Garland, Penobscot County",466,94,47182,83.5,6.5,7.7,3.3,2.8,2.6,0,4.7,0.6,1.1,0,4.7,5.4,5.8,17.2,5.6,10,5.4,27.2,33.3,6.1
2301927645,"Glenburn, Penobscot County",2457,272,50184,85.3,7.9,10.7,6.8,0,0.9,0,0.9,2.4,3.6,0,0.9,1.7,1.9,2.2,2.1,2.2,1.9,4.4,21.3,2.2
2301929185,"Greenbush, Penobscot County",602,94,49860,80.4,6,15.8,6.3,0,3.7,0,3.7,0,3.7,0,3.7,3.8,3.1,25.9,8.3,19.9,5.4,45.8,46.6,5.2
2301930795,"Hampden, Penobscot County",4021,344,73773,88.2,5.1,6.8,3.9,0.5,0.9,0,0.6,0,0.6,0.4,0.7,4.1,2.5,4.6,2.5,4.4,2.6,9,19.8,2.5
2301932510,"Hermon, Penobscot County",3225,281,51179,85.7,4.5,7.8,3.3,0.8,1.4,0,0.7,0.9,0.8,0,0.7,4.8,2.6,3.9,2.2,4.9,3,8.8,20.6,2.1
2301933490,"Holden, Penobscot County",1535,150,50840,86.2,6.9,5.7,4.3,2.1,3.2,0,1.5,2,2.2,0,1.5,4,3.3,2.6,2.5,3.1,2.6,5.7,21.8,2.4
2301934190,"Howland, Penobscot County",436,120,44033,80.5,8.4,9.9,6.9,6,4.7,0,5,0,5,0,5,3.7,3.3,2.1,2,3.6,3,5.7,24.2,3.6
2301934365,"Hudson, Penobscot County",858,104,46416,83.7,5.3,11.5,5,1.3,1.4,0,2.6,0.3,0.6,0,2.6,3.1,1.9,4,2,3.7,2.2,7.7,27.8,1.6
2301936325,"Kenduskeag, Penobscot County",553,133,48001,77.8,7.8,13,6.6,0.4,0.5,0,4,1.8,2.1,2.5,2.4,4.5,2.9,4.9,3.4,10.4,4.6,15.3,33,3.8
2301937760,"Lagrange, Penobscot County",243,48,40799,71.6,11.9,16,10.7,3.7,3.4,0,8.8,0,8.8,0,8.8,8.6,6,29.7,12.6,4.5,5.7,34.2,39.2,8
2301938005,"Lakeville, Penobscot County",21,17,88192,85.7,19,0,53.8,0,53.8,0,53.8,0,53.8,0,53.8,14.3,19,5.6,17,44.4,25.2,50,44.7,12.8
2301938530,"Lee, Penobscot County",392,105,52360,68.1,16.7,14.5,6.6,8.9,11.5,0,5.6,0,5.6,0,5.6,8.4,9,0,6.1,16.4,6.3,16.4,27.1,6.3
2301938705,"Levant, Penobscot County",1467,122,46589,86.4,4.6,7.2,3,0.3,0.4,0,1.5,0.3,0.5,0,1.5,5.8,3.3,5.9,2.9,4.1,3.5,10,27.2,2.1
2301939475,"Lincoln, Penobscot County",2115,266,48142,81,8,10.4,5.8,5,5.2,0,1.1,2.2,2.6,0,1.1,1.3,1.4,11.5,4.6,14.9,6.8,26.4,34.9,11.9
2301941435,"Lowell, Penobscot County",114,32,46499,80.7,7.3,13.2,5.9,0,17.8,0,17.8,0,17.8,0,17.8,6.1,3.9,14,6.7,10.3,8,24.3,31.3,5.9
2301944270,"Mattawamkeag, Penobscot County",312,70,38933,69.2,11.3,23.4,7.9,0,7,0,7,1.3,1.4,0,7,6.1,4.9,3.1,2.5,25.3,9.4,28.4,38,8.7
2301944340,"Maxfield, Penobscot County",43,24,N,81.4,17.7,11.6,13.5,0,37.6,0,37.6,2.3,7.6,0,37.6,4.7,7.1,7.3,10.8,9.8,15.7,17.1,36.3,19.7
2301945005,"Medway, Penobscot County",365,76,45953,80,7.3,14.8,6.7,4.4,4.8,0,6,0,6,0,6,0.8,1.3,8.3,5.6,14.1,7.2,22.4,25.5,6.2
2301945670,"Milford, Penobscot County",1621,165,45732,75.1,10.3,20,8.7,0,1.4,1.5,2.5,2.3,2.7,0,1.4,1,1.6,0.6,0.9,4.8,3.8,5.4,23.2,3.5
2301945810,"Millinocket, Penobscot County",1612,208,38065,80.5,8.7,7.7,6,4,5.2,0,1.4,1,1.7,0,1.4,6.8,3.9,9.1,7.2,16,8.5,25.1,23.4,6.5
2301948505,"Newburgh, Penobscot County",834,71,54187,87.5,4.4,8.6,4.1,1.2,1.1,0,2.7,0.8,0.8,0,2.7,1.8,1.3,2.7,2.3,7.3,3.7,10,30.8,5.5
2301949065,"Newport, Penobscot County",1302,181,59288,81,6.8,6.1,3.3,1.8,2,0,1.7,2.2,2.7,0,1.7,8.8,4,14.1,6,7.1,5.1,21.2,32.3,7.7
2301955225,"Old, Penobscot County",3855,289,45372,72.3,5,17.2,5.2,2.9,1.9,2,1.6,0.5,0.7,0.9,1.1,4.1,2.3,1.6,1.3,4.5,2.8,6.1,20.6,3.8
2301955565,"Orono, Penobscot County",4815,372,55267,65.4,4.5,11.1,2.8,15.7,3.3,0.9,0.7,0.7,0.7,1,0.6,5.1,2.4,1.2,0.8,2.9,1.3,4.1,15.8,1.3
2301955680,"Orrington, Penobscot County",1773,181,57144,84.8,5.6,9.3,4.3,1.1,1.2,0,1.3,0,1.3,0,1.3,4.7,3.7,3,2.4,2,1.7,5,19.6,2
2301957045,"Passadumkeag, Penobscot County",215,51,41236,76.7,8,14.4,7.7,2.8,3.6,0,9.9,3.7,3.5,0,9.9,2.3,2.9,16.7,6.8,9.5,7.5,26.2,29.4,3.3
2301957150,"Patten, Penobscot County",389,83,42673,67.9,9.4,5.7,5,17.2,8.8,0,5.6,0,5.6,2.8,4.1,6.4,4.6,10.4,6.4,6,5.5,16.4,17.9,4.5
2301957936,"Penobscot Indian Island Reservation, Penobscot County",321,71,41483,71,7.8,18.7,7.5,5.3,4.1,0,6.8,0.6,1.4,1.9,2.4,2.5,2.7,2.9,2.4,4.8,3.3,7.7,17.7,3.2
2301959950,"Plymouth, Penobscot County",682,103,50425,80.5,7.1,11.3,5.2,4.1,4.8,0,3.2,0,3.2,0,3.2,4.1,2.9,11,5.9,6.7,3.4,17.7,29,4.4
2301967160,"Seboeis plantation, Penobscot County",26,21,N,88.5,28.9,0,48.4,0,48.4,0,48.4,0,48.4,0,48.4,11.5,28.9,87,34.6,4.3,19.5,91.3,44.1,5.9
2301973250,"Springfield, Penobscot County",126,37,43129,93.7,3.5,6.3,3.5,0,16.3,0,16.3,0,16.3,0,16.3,0,16.3,8.7,7.5,21.4,8.8,30.1,38.6,7.5
2301973600,"Stacyville, Penobscot County",146,45,37575,73.3,9.6,9.6,5.9,4.1,3.7,0,14.2,1.4,2.5,0,14.2,11.6,7.4,7,6.3,8.5,7.4,15.5,21.2,5.8
2301974055,"Stetson, Penobscot County",677,105,46735,82.6,6.1,10.9,4.5,0,3.3,0,3.3,1.2,1.4,0,3.3,5.3,4.9,9.4,4.2,3.4,2.3,12.8,30,2.1
2301978780,"Veazie, Penobscot County",930,124,67282,89,4.2,6.6,3.5,0,2.4,0,2.4,1.2,1.4,0.6,0.9,2.6,2.1,0.9,1.4,3.4,2.1,4.3,16.6,1.8
2301981055,"Webster plantation, Penobscot County",20,10,N,60,23.2,0,55.2,20,22.4,0,55.2,0,55.2,0,55.2,20,17.9,18.8,18.6,0,61.7,18.8,24.1,8.5
2301986305,"Winn, Penobscot County",215,49,43178,86,10,7.4,5.7,2.8,4.2,0,9.9,0,9.9,0,9.9,3.7,4.6,4.3,3.2,20.3,11.2,24.6,29.8,7.4
2301987390,"Woodville, Penobscot County",116,35,38455,94.8,4.8,5.2,4.8,0,17.5,0,17.5,0,17.5,0,17.5,0,17.5,1.7,2.9,33.6,15.6,35.3,41.7,10.2
2302100100,"Abbot, Piscataquis County",256,45,50951,92.2,4.8,1.6,1.4,0,8.4,0,8.4,0,8.4,0,8.4,6.3,4.7,8.3,5.8,10,5.6,18.3,26.2,4.1
2302101920,"Atkinson, Piscataquis County",97,34,76558,92.8,7.5,0,20.5,5.2,6.6,0,20.5,2.1,3.1,0,20.5,0,20.5,13.4,12.4,9.3,7.8,22.7,24.8,5.6
2302106400,"Bowerbank, Piscataquis County",55,17,51713,72.7,13.5,12.7,11.3,0,32.2,0,32.2,0,32.2,0,32.2,14.5,9.7,0,35.7,36.2,19.2,36.2,57.8,27.2
2302108325,"Brownville, Piscataquis County",412,87,40061,81.1,7.5,3.6,2.8,8.7,6.3,3.2,4.4,0,5.3,1.2,1.5,2.2,2.1,8.2,4.1,8.9,6.1,17.1,19.6,4.2
2302118195,"Dover-Foxcroft, Piscataquis County",1633,170,48637,82.2,5.1,9.1,4.4,3.5,2.5,0,1.4,0.7,1.2,0,1.4,4.5,3.5,12.7,7.8,8.7,4.3,21.4,21.1,4
2302129535,"Greenville, Piscataquis County",693,157,32821,81.4,8,3,4.5,2,2.2,0,3.2,1.9,1.9,0,3.2,11.7,7.2,2.1,1.9,20.9,11.7,23,35.1,18.9
2302130095,"Guilford, Piscataquis County",554,118,40959,78.2,7.7,4.9,3.4,9.4,5.6,0,4,1.3,1.5,0,4,6.3,4.9,5,4.3,13.1,7.5,18.1,23.6,5.9
2302137970,"Lake View plantation, Piscataquis County",28,19,N,100,46.6,0,46.6,0,46.6,0,46.6,0,46.6,0,46.6,0,46.6,0,46.6,46.4,30.2,46.4,43.2,14.1
2302144830,"Medford, Piscataquis County",102,33,48543,69.6,12.7,22.5,12.2,5.9,5.4,0,19.7,0,19.7,2,2.9,0,19.7,29.4,13.5,14.7,10.1,44.1,37.9,6
2302146020,"Milo, Piscataquis County",800,127,39948,78.3,6.2,15.5,5.7,3.1,3.2,0,2.8,0,2.8,0.5,0.8,2.6,2.1,10.1,5.2,9.5,5,19.6,21.6,3.4
2302146580,"Monson, Piscataquis County",224,40,38993,65.6,9.8,13.4,6.2,1.8,1.8,0,9.5,0,9.5,0,9.5,19.2,8.5,1.7,2.1,15.5,5.4,17.2,29.8,3.9
2302156765,"Parkman, Piscataquis County",293,40,41830,80.2,6.4,10.9,4.5,1.7,1.6,0,7.4,3.1,2.3,0,7.4,4.1,3.3,4.3,3.1,14.2,5.8,18.5,28.3,4.8
2302165865,"Sangerville, Piscataquis County",526,97,43702,74.3,9.4,16.3,8.6,0.8,1,0.8,1,0.8,1.1,0,4.2,7,4.2,4.1,3.5,22.1,8.5,26.2,26.1,4.9
2302166950,"Sebec, Piscataquis County",212,51,56686,86.8,9.4,7.5,7,3.8,6.3,0,10.1,0,10.1,0,10.1,1.9,2.4,13.9,8.9,1.9,2.2,15.8,22.7,3.3
2302168140,"Shirley, Piscataquis County",92,29,48226,87,11.4,0,21.5,4.3,9.2,0,21.5,4.3,7.1,0,21.5,4.3,4.2,5.7,7,4.5,7,10.2,21.1,5.2
2302181405,"Wellington, Piscataquis County",62,28,60333,79,14.3,0,29.6,0,29.6,0,29.6,3.2,5,0,29.6,17.7,11.7,13.7,11.9,21.6,19.7,35.3,39.9,12.1
2302185710,"Willimantic, Piscataquis County",30,14,40806,83.3,18.9,6.7,11.7,6.7,8.2,0,45.1,3.3,9.9,0,45.1,0,45.1,10,10.4,6.7,11.6,16.7,27.5,5.1
2302301570,"Arrowsic, Sagadahoc County",217,56,82960,77.9,9.4,6,4.5,6,5.6,0,9.8,0,9.8,0,9.8,10.1,6.6,12.3,6.1,5.1,5.5,17.4,24.6,4.8
2302303355,"Bath, Sagadahoc County",4182,357,52084,72.9,5.8,9.8,4.3,11.1,5.4,0.5,1,1.1,1.2,0.2,0.4,4.3,1.9,9.4,3.7,6.4,2.7,15.8,19.3,2.3
2302306260,"Bowdoin, Sagadahoc County",1789,187,47672,85,6.3,10.2,5.7,1,1.6,0,1.2,0.5,0.9,0,1.2,3.4,2.8,12.4,6.4,2.3,1.9,14.7,27.3,2.3
2302306365,"Bowdoinham, Sagadahoc County",1438,196,59449,84.4,7.6,8.5,6.1,0,1.6,0,1.6,0,1.6,0,1.6,7.1,4.8,2.2,2.8,5.2,4,7.4,25,3.4
2302327295,"Georgetown, Sagadahoc County",362,67,69396,66.3,10.4,9.4,5.6,2.2,3.2,0,6,4.4,4.8,0,6,17.7,7.1,7.4,4.7,2.3,2.5,9.7,22,4.5
2302358515,"Phippsburg, Sagadahoc County",1135,161,76288,81,5.3,8.9,3.5,1.3,1.2,0,2,0.6,0.9,0.3,0.5,7.9,3.6,6.9,3.6,9.1,4,16,25.6,2.4
2302362645,"Richmond, Sagadahoc County",1687,132,46867,77.7,7.9,14.9,6.8,2.4,2.6,0,1.3,0.5,0.9,0.4,0.8,4.1,3.2,8.9,3.8,6,3.2,14.9,28.6,3.2
2302376960,"Topsham, Sagadahoc County",4607,277,55917,84.7,4.9,6.6,4,1.7,1.5,0.3,0.5,1.8,1.3,0,0.5,4.9,2.3,9.8,3,1.9,1.3,11.7,21.7,1.7
2302381930,"West Bath, Sagadahoc County",932,122,60836,80,8.3,10.5,7.1,4.3,3.5,0,2.4,0.4,0.7,0,2.4,4.7,3.2,4.7,2.9,4.5,3,9.2,18.5,2.5
2302387460,"Woolwich, Sagadahoc County",1617,159,53635,81.9,6.6,6.3,4.8,1.4,1.3,0,1.4,0.5,0.8,0,1.4,10,5.2,7.6,2.8,9.3,5.3,16.9,23.8,3.6
2302501395,"Anson, Somerset County",1288,184,38117,77.3,9.1,18.5,9.3,2,2.2,0,1.7,0,1.7,0,1.7,2.2,2.8,12.6,7.5,7.3,5.3,19.9,23.9,4.1
2302501885,"Athens, Somerset County",310,70,42138,72.6,8.6,12.6,6.2,0,7,0,7,0,7,0,7,14.8,7.8,17.4,9.5,16.7,8.7,34.1,32.7,6.1
2302505000,"Bingham, Somerset County",358,109,46074,88.8,10.8,4.2,5.1,3.1,5.2,0,6.1,0,6.1,0,6.1,3.9,5.3,4.4,5.5,10.2,7.4,14.6,20.4,4.3
2302509655,"Cambridge, Somerset County",127,37,35383,85.8,11.3,12.6,11,0,16.2,0,16.2,0,16.2,0,16.2,1.6,2.5,20,8.5,14.4,8.6,34.4,34.1,7.5
2302509935,"Canaan, Somerset County",983,190,39373,87.6,8.4,7.3,5,5.1,4.9,0,2.3,0,2.3,0,2.3,0,2.3,9.4,4.5,9.4,4.8,18.8,31.6,4.7
2302510495,"Caratunk, Somerset County",53,24,39508,56.6,19.6,9.4,10.1,3.8,5.4,0,33.1,3.8,5.3,0,33.1,26.4,18.9,12.8,13.8,0,39.5,12.8,17.7,10.5
2302514555,"Cornville, Somerset County",578,111,61470,89.4,4.3,4.3,3,0.3,0.7,0,3.8,0.5,0.9,0,3.8,5.4,2.8,6.4,3.7,12.1,5.3,18.5,31.1,5.5
2302517460,"Detroit, Somerset County",387,99,55252,78.3,8.5,8.8,5.1,0,5.6,0,5.6,10.1,8.6,0,5.6,2.8,2.5,7.2,4.3,9.3,6,16.5,31.4,8.3
2302523410,"Embden, Somerset County",416,82,46103,61.8,9.5,25,9.2,2.6,2.3,0,5.3,2.6,3.9,0,5.3,7.9,4.8,5.7,4.4,31.1,12.9,36.8,46.5,16.5
2302524320,"Fairfield, Somerset County",2891,348,45826,91.3,3.5,3,2,1.7,1.4,0,0.8,2.1,2.6,0,0.8,1.9,1.5,1.1,1.3,5.7,3.1,6.8,19.1,2.6
2302531355,"Harmony, Somerset County",337,73,37269,77.2,9.3,12.8,8.4,0,6.5,0,6.5,4.2,4.5,0,6.5,5.9,4.2,5.4,3.7,17,7.5,22.4,36.1,5
2302531740,"Hartland, Somerset County",640,101,37098,87,6,5.6,4.6,3.8,2.9,0,3.5,0.6,0.9,0,3.5,3,2.6,18,6.1,4.3,3.2,22.3,26.8,3.3
2302535345,"Jackman, Somerset County",303,63,46731,82.5,8.1,4.3,3.6,3.6,3,1.3,1.7,0.7,1,0,7.2,7.6,6.8,1.1,1.8,0.7,1.2,1.8,8.4,2
2302542660,"Madison, Somerset County",1963,284,43039,90.1,6.6,6.1,5.7,0.7,1.2,0,1.1,2.1,3.2,0,1.1,1,1.5,4.5,3,3.9,3.8,8.4,20.4,6.2
2302545110,"Mercer, Somerset County",254,59,43003,79.1,7.2,10.2,6,0,8.5,0,8.5,0,8.5,0,8.5,10.6,5.6,7.9,6.3,4,2.8,11.9,30.3,2.5
2302547140,"Moose River, Somerset County",73,25,59072,89,10.6,0,26,0,26,0,26,6.8,9.8,0,26,4.1,5.8,0,26.9,0,26.9,0,8.1,1.3
2302547455,"Moscow, Somerset County",226,61,34729,69.5,11.7,20.8,10.5,4,5.5,0,9.5,0.9,1.1,0,9.5,4.9,4.1,2.8,2.9,7.4,4.4,10.2,21.8,4
2302549205,"New Portland, Somerset County",317,57,48167,80.1,6.9,8.8,5.9,2.8,3.4,0,6.8,0,6.8,0,6.8,8.2,4.1,18.2,6.4,10,5.9,28.2,34.3,5.7
2302549835,"Norridgewock, Somerset County",1574,202,47962,71,11.1,15.5,11,2.3,2,0,1.4,3.5,4,0,1.4,7.7,4.3,11.4,5,7.2,3,18.6,24.1,3.6
2302556520,"Palmyra, Somerset County",966,137,44348,85.5,5.6,10.6,5.1,1,1.3,0,2.3,0,2.3,0,2.3,2.9,2.6,7.4,3.8,7.4,3.6,14.8,23.1,3.2
2302559005,"Pittsfield, Somerset County",1754,147,43574,83.4,5.5,9.5,4.7,3.1,1.9,0,1.3,2.4,2.4,0,1.3,1.7,1.5,6.3,4.5,6.3,3.5,12.6,23.8,3.9
2302559705,"Pleasant Ridge plantation, Somerset County",37,19,21570,64.9,26.6,10.8,12.7,13.5,19.6,0,40.6,0,40.6,0,40.6,10.8,13,0,43,6.1,8.5,6.1,11.5,5.7
2302562995,"Ripley, Somerset County",195,56,38730,83.1,10.2,14.4,10.4,0,10.9,0,10.9,0,10.9,0,10.9,2.6,2.9,7.4,5.8,13.2,9.8,20.6,28.5,5
2302564850,"St. Albans, Somerset County",933,185,43022,82.4,7.4,9.3,7,3.5,3.9,0,2.4,0,2.4,1.3,1.3,3.4,2.6,20.1,9.3,10.5,4,30.6,29.3,3.7
2302568910,"Skowhegan, Somerset County",3543,312,43428,77.9,5.9,9.9,4,3,3,0,0.6,3.3,2.4,0,0.6,6,4.2,8,4.8,6.6,3.5,14.6,21.4,3.5
2302569155,"Smithfield, Somerset County",399,78,56947,85.2,6.7,9.3,6,0,5.5,0,5.5,1.3,1.6,0,5.5,4.3,2.7,8.4,5.5,6.8,5,15.2,29.7,5.4
2302569505,"Solon, Somerset County",376,79,42393,86.7,6.9,3.5,3.7,5.3,4.7,0,5.8,1.1,1.7,0,5.8,3.5,2.6,2.8,2.5,12.4,6,15.2,26.4,6
2302573845,"Starks, Somerset County",249,62,31766,81.1,10.2,6.4,4.8,0,8.6,0,8.6,3.6,5.3,0,8.6,8.8,9.1,6.2,6.6,11,6.8,17.2,32.6,6.5
2302703950,"Belfast, Waldo County",2741,267,51324,73.7,6.9,11.3,6.4,4.7,3.1,1.5,1.6,0.5,0.8,0,0.8,8.3,3.9,4.7,2.9,5.8,4,10.5,17.9,2.4
2302704125,"Belmont, Waldo County",441,82,44891,74.6,8.5,13.6,7.4,2.9,2.6,0,5,0.7,0.9,0,5,8.2,4.8,9.4,5.8,3.2,2.6,12.6,20.8,2.3
2302707870,"Brooks, Waldo County",399,88,38684,74.7,8.7,14.3,7.4,5.5,3.2,0,5.5,0,5.5,0,5.5,5.5,3.2,9.5,4.7,13,8.5,22.5,28,4.1
2302709270,"Burnham, Waldo County",459,83,43226,81.7,7.8,8.5,6.2,1.3,1.5,0,4.8,3.3,4,0,4.8,5.2,2.9,9.7,5,10.6,5.7,20.3,29.9,4
2302726280,"Frankfort, Waldo County",482,113,38930,77.4,8.1,6.8,4.5,5.2,6.7,0,4.6,0,4.6,0,4.6,10.6,5.8,4.6,2.9,8.4,5.8,13,28.4,4.9
2302726420,"Freedom, Waldo County",350,76,39160,75.4,8.5,3.7,3,2.9,3.3,0,6.2,1.4,1.4,0,6.2,16.6,7.7,9.6,4.7,15.8,5.8,25.4,31.6,3.9
2302735240,"Islesboro, Waldo County",316,68,68853,70.9,9.7,2.8,3.9,3.8,3,0,6.9,0,6.9,1.9,2.1,20.6,9.4,10,10.7,8,5.6,18,20.6,5.7
2302735450,"Jackson, Waldo County",278,73,39634,82,10.1,13.3,10.1,0,7.8,0,7.8,0,7.8,0,7.8,4.7,5.4,14.3,10.1,24.2,12.4,38.5,38.9,4.1
2302737585,"Knox, Waldo County",387,82,37826,78,6.5,14,7.2,0,5.6,0,5.6,3.1,3.1,0,5.6,4.9,4.2,6.3,4.7,10.6,6.5,16.9,29.8,6.9
2302739055,"Liberty, Waldo County",396,71,41720,75.5,7.8,13.1,6.6,4.3,2.5,0,5.5,0.5,0.9,0,5.5,6.6,5.1,15.7,7.2,16.2,7.5,31.9,33.4,4
2302739755,"Lincolnville, Waldo County",937,141,59246,74.4,7.1,6.6,3.7,2.6,2,0,2.4,0.6,0.9,4.8,4.7,11,4.6,10,5.9,4.2,2.3,14.2,24,2.1
2302746475,"Monroe, Waldo County",444,87,46074,73.9,9.3,5,4,3.2,2.9,0,4.9,0,4.9,0,4.9,18,7.5,8.8,6.1,9.9,5.4,18.7,32.4,4.3
2302746790,"Montville, Waldo County",356,85,40782,81.2,7.3,10.1,6.8,0,6.1,0,6.1,1.1,1.4,2.8,2.8,4.8,3.3,9.7,4.7,18.9,10.1,28.6,36.4,6.7
2302747245,"Morrill, Waldo County",523,72,42517,82.8,4.7,7.8,3.7,2.1,1.7,0,4.2,0,4.2,0.6,0.8,6.7,3.4,10,4.2,12.7,4.7,22.7,27.6,3.1
2302752845,"Northport, Waldo County",958,129,60621,73.7,7.6,14.7,6.4,0.6,0.7,0.4,0.6,1.5,1.3,0,2.3,9.1,4,3.7,2.1,10.3,3.9,14,22.4,3.1
2302756450,"Palermo, Waldo County",739,109,73848,78.9,5.8,14.6,5.1,1.8,1.4,0,3,0,3,0,3,4.7,3.5,7.7,2.8,13.5,4.7,21.2,35.9,3.5
2302761210,"Prospect, Waldo County",394,95,47871,89.3,5.2,5.8,3.8,0.8,1.2,0,5.5,0,5.5,0,5.5,4.1,3.5,12.2,6.2,10.8,6.7,23,38.2,8.5
2302766565,"Searsmont, Waldo County",671,120,45245,79.1,7.1,9.8,4.2,3.1,4.9,0,3.3,0.6,0.8,0.6,0.7,6.7,4.9,12.1,5.2,6.9,4.1,19,26.1,3.8
2302766635,"Searsport, Waldo County",1164,176,47429,71.6,11.9,15.5,7.8,1.4,1.9,0,1.9,1.3,2,0,1.9,10.2,10.9,11.6,7.2,12.1,6.3,23.7,27.8,4.4
2302774475,"Stockton Springs, Waldo County",597,121,48961,84.8,5.7,8.2,4.1,0.5,0.8,0,3.7,0.5,0.7,0,3.7,6,3.8,15.9,5.8,4.5,2.7,20.4,26,2.8
2302775525,"Swanville, Waldo County",594,99,50908,77.3,5.6,12.5,4.9,3.5,2.7,0,3.7,0.7,0.9,0,3.7,6.1,3.6,12.7,5.4,5.4,3.3,18.1,23.4,2.6
2302776610,"Thorndike, Waldo County",385,75,48510,82.1,7.1,8.8,6.2,1.8,1.4,0,5.7,0.8,1.2,0,5.7,6.5,4.1,6.9,4.6,17.2,7.5,24.1,30.5,4.7
2302777625,"Troy, Waldo County",450,80,41372,70.2,9.3,16.4,7.1,6.2,5.4,0,4.9,0.4,0.7,0,4.9,6.7,3.4,5.5,3.1,11.2,7.4,16.7,29.5,4.1
2302778255,"Unity, Waldo County",1090,191,47368,51.9,8.5,8.7,4.5,22.4,6.8,4.8,6.2,0.9,1.4,0,2,11.3,6.3,9.2,4.9,6,4.2,15.2,25.6,7.6
2302779480,"Waldo, Waldo County",392,72,42625,79.8,6.4,11.5,4.7,0,5.6,0.8,1,2.3,2.4,1.8,2.8,3.8,2.2,18,7.2,5.8,4.2,23.8,24.8,3.4
2302786760,"Winterport, Waldo County",2094,186,52938,83.6,5.3,9.2,4,2.4,2.5,0.6,1,0,1.1,0,1.1,4.1,2.3,4.5,2.7,4.9,2.8,9.4,26.5,2.8
2302900380,"Addison, Washington County",524,94,57712,74.6,6.4,15.8,5.7,3.8,2.3,0,4.2,0,4.2,0,4.2,5.7,3.1,3.2,2.8,9.7,7.6,12.9,22,5.7
2302900660,"Alexander, Washington County",232,43,46245,81.5,6.8,11.6,5.3,0,9.2,0,9.2,0,9.2,0,9.2,6.9,5.5,7.9,5.1,8.8,5.1,16.7,29,5.8
2302902480,"Baileyville, Washington County",568,94,55530,88.7,4.6,3.9,2.4,5.6,4.1,0,3.9,1.2,1.8,0,3.9,0.5,0.7,1.6,2.3,1.8,2.4,3.4,12.4,1.9
2302902970,"Baring plantation, Washington County",126,28,43349,92.1,4.9,6.3,4.3,0,16.3,1.6,2.1,0,16.3,0,16.3,0,16.3,0,16.3,4.8,4.4,4.8,15.2,2.7
2302903670,"Beals, Washington County",186,52,54139,51.6,9.4,25.8,10,7.5,6.7,0,11.4,7.5,4.2,0,11.4,7.5,6.2,2.9,3,5.8,4.1,8.7,13,4.1
2302909585,"Calais, Washington County",1148,149,47142,69.8,8.9,15.9,7.8,9,4.9,0,1.9,2.4,2.6,0,1.9,3,2.6,0.8,1.3,4,4.4,4.8,17.2,8
2302912175,"Charlotte, Washington County",123,32,49485,88.6,6.5,6.5,6.1,0,16.6,0,16.6,0.8,1.4,0,16.6,4.1,3.8,4.2,3.5,4.2,3.5,8.4,26.4,4.9
2302912455,"Cherryfield, Washington County",511,103,49260,71.4,7.5,19.2,6.5,3.5,2.5,0,4.3,2.2,3.3,0,4.3,3.7,2.9,4.7,4.6,15,8.1,19.7,28.5,6.1
2302913750,"Columbia, Washington County",159,47,67531,71.7,10.4,15.1,8.4,2.5,4.2,0,13.2,3.8,3.8,0,13.2,6.9,6.2,23.6,16.1,14.9,8.3,38.5,32.3,8.2
2302913820,"Columbia Falls, Washington County",221,58,40262,70.1,11.6,16.3,9.3,2.3,2.4,0,9.7,3.6,4.4,1.4,1.8,6.3,3.8,6.8,6.4,12.1,7.4,18.9,24.4,5.7
2302914100,"Cooper, Washington County",43,17,43039,83.7,14.2,9.3,8.6,0,37.6,0,37.6,0,37.6,0,37.6,7,10.6,0,39,0,39,0,28.8,3.1
2302915920,"Cutler, Washington County",194,53,60469,79.4,10.7,11.3,7.8,3.1,2.8,0,10.9,0,10.9,0,10.9,6.2,4.7,0,11.6,6.6,5.1,6.6,21.8,4.6
2302916410,"Danforth, Washington County",140,35,30414,83.6,8.8,7.9,6.4,3.6,3.4,0,14.8,5,3.9,0,14.8,0,14.8,4.3,3.6,12.9,8.8,17.2,17.4,5.5
2302917355,"Dennysville, Washington County",115,36,48284,88.7,7.6,6.1,6.9,0,17.7,0,17.7,0,17.7,0,17.7,5.2,4.1,10.1,7.1,8.3,8.3,18.4,32.5,8.7
2302919870,"East Central Washington U.T., Washington County",370,85,38864,70.8,13.4,7.6,3.8,0.8,1.2,0,5.9,1.9,2.6,0,5.9,18.9,14.4,25.3,8.9,8.3,4.4,33.6,33.5,4
2302920960,"East Machias, Washington County",688,105,43387,74.9,7.1,13.8,5.4,1.7,1.8,2.9,4.6,0.9,2,0,3.2,5.8,5.1,3.5,2.8,4,3.1,7.5,18.4,2.4
2302921730,"Eastport, Washington County",500,74,45947,68.4,9.5,11.6,5.1,15,7.5,0,4.4,0,4.4,0,4.4,5,3.6,5.9,3.7,0.6,0.9,6.5,13.2,2.2
2302928660,"Grand Lake Stream plantation, Washington County",46,20,33161,47.8,19.7,19.6,17.4,0,36.2,0,36.2,0,36.2,0,36.2,32.6,12.8,16.1,17.6,0,44.3,16.1,21.6,9.5
2302931530,"Harrington, Washington County",406,79,36610,71.4,9.8,23.6,10.1,0,5.4,0,5.4,0.7,0.9,0.5,1.1,3.7,2.9,4.9,2.8,14.1,5.9,19,29.4,4.5
2302935905,"Jonesboro, Washington County",306,53,37620,72.5,7.7,19.3,7.9,2.3,3.4,0,7.1,0,7.1,3.3,3.4,2.6,2.1,1.3,1.7,7.7,5.7,9,20.1,3.3
2302936010,"Jonesport, Washington County",493,83,42599,57.4,7.3,19.9,6.1,11.6,7.2,0,4.5,4.3,2.5,0,4.5,6.9,4.3,0,4.8,6.8,4.8,6.8,17.4,4.8
2302941610,"Lubec, Washington County",470,82,52603,69.6,7.2,8.5,4,3.2,3.2,0,4.7,0.6,0.9,0.9,1.1,17.2,6.3,12.6,7.1,11.8,7.2,24.4,26,5.3
2302941960,"Machias, Washington County",681,122,40797,64.5,8.4,17.2,8.7,9.1,5.6,0,3.2,0.7,1,0.6,1.1,7.9,4.8,3.2,4,2.2,3.5,5.4,11.7,2.4
2302942100,"Machiasport, Washington County",426,83,43065,81.7,9.5,8.7,5.1,0,5.1,0,5.1,1.9,1.9,0,5.1,7.7,8.6,3.3,2.7,3.6,4,6.9,16.2,3.6
2302943640,"Marshfield, Washington County",276,69,44180,83.3,6.8,10.1,5.8,1.8,3.4,1.4,1.9,0,7.8,0,7.8,3.3,3.7,0,8.1,4.5,4.4,4.5,13.3,2.8
2302944760,"Meddybemps, Washington County",56,19,N,91.1,8.4,3.6,5,0,31.8,0,31.8,0,31.8,0,31.8,5.4,6.4,11.3,14.4,3.8,5.6,15.1,27.2,4.8
2302945600,"Milbridge, Washington County",499,100,47169,67.7,8.9,18,7.3,10,4.5,0,4.4,0,4.4,0,4.4,4.2,3.1,3.6,2.4,6.5,4.4,10.1,18.5,3.5
2302951375,"Northfield, Washington County",61,26,71268,91.8,11.3,0,29.9,0,29.9,0,29.9,0,29.9,0,29.9,8.2,11.3,14.3,8.8,8.9,13.5,23.2,32.9,14
2302957082,"Passamaquoddy Indian Township Reservation, Washington County",214,50,38992,75.2,11.5,9.8,7.1,7.9,5.6,0,10,0,10,1.4,2.5,5.6,5.1,5.4,4.1,5.9,5.1,11.3,18.5,6
2302957090,"Passamaquoddy Pleasant Point Reservation, Washington County",221,46,48223,70.1,9.2,16.7,6.6,9,6.4,0,9.7,1.4,1.6,0,9.7,2.7,3.7,0,9.9,3.3,3.6,3.3,12,2.5
2302957780,"Pembroke, Washington County",325,50,48520,77.5,6,8.9,5,2.8,1.7,0,6.7,0,6.7,0,6.7,10.8,4.5,13.4,5.6,5.9,3.3,19.3,30.8,4.6
2302958165,"Perry, Washington County",241,52,51902,85.9,7.6,10.4,8.2,0.8,1.1,0,8.9,0,8.9,0,8.9,2.9,2.4,10.7,7.2,2.1,2.2,12.8,22.8,3.7
2302961035,"Princeton, Washington County",351,68,50119,79.5,11.3,12.8,6.9,2.3,3.1,0,6.2,0,6.2,0,6.2,5.4,5,5.4,4.7,2.7,3.4,8.1,18.1,3.1
2302963275,"Robbinston, Washington County",266,59,75747,79.3,11,9.4,7.8,4.9,6.3,0,8.1,0.4,1.2,0,8.1,6,3.8,8.8,5,6.4,5.7,15.2,32,7.5
2302963940,"Roque Bluffs, Washington County",143,36,59797,83.9,8.3,6.3,5.4,1.4,1.9,0,14.5,0,14.5,5.6,6,2.8,2.9,0,14.9,2.9,3.1,2.9,15.1,2.6
2302974125,"Steuben, Washington County",524,89,37950,64.1,8,13.9,6.5,7.8,4,0,4.2,0,4.2,1,1.2,13.2,5.8,5.9,2.9,14.9,6.9,20.8,24.6,5
2302975770,"Talmadge, Washington County",21,11,N,85.7,18.7,0,53.8,0,53.8,0,53.8,0,53.8,0,53.8,14.3,18.7,0,58.2,44.4,31.6,44.4,45.6,16.4
2302976895,"Topsfield, Washington County",97,33,42800,88.7,6.8,9.3,6.8,0,20.5,0,20.5,0,20.5,0,20.5,2.1,2.4,7.4,5.5,11.6,7.9,19,26.9,5.4
2302978675,"Vanceboro, Washington County",56,22,32514,60.7,15.2,12.5,12.8,5.4,5.8,0,31.8,5.4,7.3,0,31.8,16.1,12.5,27.7,15.5,12.8,8.9,40.5,28.7,7.8
2302979375,"Waite, Washington County",25,10,N,64,20.8,36,20.8,0,49.4,0,49.4,0,49.4,0,49.4,0,49.4,20,15.7,8,10.8,28,24.8,8.6
2302981685,"Wesley, Washington County",34,19,N,94.1,6.8,0,42.3,0,42.3,0,42.3,0,42.3,0,42.3,5.9,6.8,9.4,10.9,9.4,14.8,18.8,40,8.7
2302985185,"Whiting, Washington County",151,28,53069,86.8,6.7,6.6,4.1,0,13.8,0,13.8,0,13.8,0,13.8,6.6,6.6,10.6,6,10.6,10.6,21.2,27.1,4.7
2302985290,"Whitneyville, Washington County",84,29,36832,85.7,10.4,6,6.2,0,23.2,0,23.2,6,8.5,0,23.2,2.4,3.7,2.4,5.2,6.1,6.5,8.5,17.3,6.5
2303100275,"Acton, York County",1239,137,51206,87.3,6.9,8.9,6.3,0.6,0.8,0,1.8,0.5,0.7,0.6,0.9,2.1,1.5,13.7,4.2,16.6,5.4,30.3,36.4,4
2303100730,"Alfred, York County",1477,160,46224,80.6,5.4,8.8,3.8,2.2,3,0,1.5,0.7,1.2,0.3,0.5,7.4,4.1,18.3,5.8,11.7,4.2,30,33.1,4.1
2303101605,"Arundel, York County",2215,163,58841,82.3,7.4,7.4,5,0.5,0.9,0.5,0.8,3.8,5.8,0.7,0.8,4.8,2.3,3.5,3,6.5,3.1,10,23.6,2.6
2303104720,"Berwick, York County",4105,337,55136,82.9,5.2,10.6,4.7,0.5,0.6,0,0.5,0,0.5,1.2,1.3,4.8,2.8,6,2.9,8.2,4.3,14.2,28.9,4.5
2303104860,"Biddeford, York County",11225,583,48456,72.7,3.5,9.9,2.3,8.8,2,1,1.4,2.7,1.7,0.8,0.7,4.2,1.3,6.7,2.1,3.8,1.2,10.5,22.6,1.3
2303109410,"Buxton, York County",4716,284,56742,83.6,5,9.4,5.1,0.4,0.6,0,0.5,0.4,0.6,0,0.5,6.2,2.5,11.8,3.4,6.1,3.5,17.9,29.8,2
2303114485,"Cornish, York County",583,109,74804,81.6,6.8,10.3,5.6,1.7,1.7,0,3.8,1.5,2.1,0,3.8,4.8,2.9,23.6,7.9,20.7,7.1,44.3,37.1,3.8
2303116725,"Dayton, York County",1158,141,54197,87.9,3.4,3.9,2.1,0.8,0.8,0.1,0.2,0.3,0.5,0.3,0.4,6.8,2.7,8.2,3.5,3.4,2.7,11.6,29.3,2.3
2303122955,"Eliot, York County",3587,252,58031,86.4,4.7,3.5,2.3,1.8,2.1,0.5,0.7,2.1,1.9,0.7,1.2,5.1,3.5,6.8,3.1,7.2,2.9,14,24.1,3
2303133665,"Hollis, York County",2478,189,50057,82.4,5.9,11,5.2,0.8,1.1,0,0.9,1.2,2,0,0.9,4.6,3.4,8.9,3.5,8.5,4,17.4,32.5,3.9
2303136535,"Kennebunk, York County",5431,333,88719,82.2,4.1,6,2.7,0.5,0.6,0.5,0.9,0,0.4,0.4,0.5,10.4,3.2,6.3,2.6,3.1,1.6,9.4,22.9,2
2303136745,"Kennebunkport, York County",1964,175,80259,83.2,6.4,3.3,2.8,0.9,1,0,1.1,0.4,0.6,1.8,2.3,10.4,4.2,6.8,2.9,12.4,4.8,19.2,30,3.1
2303137270,"Kittery, York County",5144,306,66866,70.1,6.4,14.3,4.7,4.4,2.5,2.2,1.5,1.3,1.3,1.2,1,6.6,2.7,6.5,2.5,10.5,4.3,17,24,3.2
2303138425,"Lebanon, York County",3145,285,46977,75,8.6,14.8,8.2,2.9,2.3,0,0.7,1.9,2.6,1.4,2,3.9,3.5,19.3,8.2,10.2,4.8,29.5,33.9,3.6
2303139195,"Limerick, York County",1296,123,50144,87.1,3.7,4.3,2.4,2.6,2.3,0,1.7,0.2,0.4,1.2,1.2,4.5,1.9,37.6,7.7,9.4,3.6,47,36,3.1
2303139405,"Limington, York County",1616,202,47012,77.9,9.9,12.7,10.2,2.5,2.5,0,1.4,1.2,1.5,0,1.4,5.7,3.6,33.7,11.5,9.5,7.8,43.2,34.6,2.2
2303141750,"Lyman, York County",2097,232,50602,82.2,8.3,8.6,7.5,0,1.1,0,1.1,0.5,0.8,1.8,2.8,6.9,4.1,14.9,4.7,4.3,4.6,19.2,27.3,2.6
2303148750,"Newfield, York County",605,85,46015,81.5,5.2,8.8,4.6,1.2,1.2,0,3.6,0.5,0.8,0,3.6,8.1,3.2,16,5.4,35.1,7.2,51.1,43.1,4.7
2303150325,"North Berwick, York County",2356,175,54174,83.6,5.5,9.3,4.1,0.8,1,0,0.9,0,0.9,0.4,0.6,6,3.6,15.1,3.9,7.8,3.3,22.9,30.5,3.2
2303154980,"Ogunquit, York County",488,126,99222,71.9,10.9,2.3,2.6,7.6,6.3,0,4.5,0,4.5,1,1.8,17.2,7.9,12.4,6.8,17.1,7.1,29.5,28.4,5.2
2303155085,"Old Orchard Beach, York County",4705,459,65761,78.3,5.5,10.9,4.2,1.2,1.2,1.4,1.6,0.2,0.3,1,0.9,7,3,3.5,2.2,9.3,5.3,12.8,28.8,5.4
2303156870,"Parsonsfield, York County",885,146,47595,76.3,9.5,11.6,4.8,0.8,0.9,0,2.5,1.4,1.5,0.1,0.4,9.8,9.1,17.9,5.7,37.7,8.4,55.6,46.2,4.9
2303164675,"Saco, York County",10480,501,58427,81.9,3.5,11.8,2.9,1.4,0.9,0.4,0.5,1.1,0.7,0.2,0.3,3.4,1.2,6,1.8,3.2,1.3,9.2,23.6,1.5
2303165725,"Sanford, York County",9850,482,51710,79,2.7,11.8,2.4,2,1,0.2,0.3,1.6,0.9,1,0.6,4.5,1.5,14.8,2.3,8.3,1.9,23.1,28.1,1.5
2303167475,"Shapleigh, York County",1410,130,44784,85.5,4.7,8,3.6,1.4,1,0,1.6,1.6,1.4,0.4,0.6,3,2.1,14.6,4.1,13.2,4.5,27.8,34.9,3.5
2303170030,"South Berwick, York County",4416,228,63445,80.1,5.4,9.5,4.5,4.7,2.5,0.7,0.9,0.7,1.1,1.8,2.3,2.6,1.6,7.2,3.1,7.1,2.5,14.3,28.8,2.5
2303180530,"Waterboro, York County",3757,371,53335,80,7,11.4,6.2,0.8,1.1,0,0.6,0.4,0.7,0,0.6,7.3,3.5,19.5,5.3,18.1,6.6,37.6,42.2,8
2303181475,"Wells, York County",4456,350,63192,87.2,4.2,7.3,3.2,1.7,1.4,0,0.5,0,0.5,0.4,0.6,3.5,2.5,4.7,2.8,6,2.7,10.7,27,2.6
2303187985,"York, York County",6636,415,87728,81.2,4.1,5.7,2.3,0.9,0.7,1.4,1.5,1,0.9,0,0.3,9.9,3.1,6.8,2.5,10.4,3,17.2,26.1,2.9